Label,Brand,Price,Rank,ingredient_count,Combination,Dry,Normal,Oily,Sensitive
Moisturizer,LA MER,175,4.1,42,1,1,1,1,1
Moisturizer,SK-II,179,4.1,7,1,1,1,1,1
Moisturizer,DRUNK ELEPHANT,68,4.4,59,1,1,1,1,0
Moisturizer,LA MER,175,3.8,78,1,1,1,1,1
Moisturizer,IT COSMETICS,38,4.1,83,1,1,1,1,1
Moisturizer,TATCHA,68,4.2,29,1,0,1,1,1
Moisturizer,DRUNK ELEPHANT,60,4.2,27,1,1,1,1,0
Moisturizer,DRUNK ELEPHANT,72,4.4,1,1,1,1,1,0
Moisturizer,KIEHL'S SINCE 1851,29,4.4,35,1,1,1,1,1
Moisturizer,LA MER,325,5.0,42,0,0,0,0,0
Moisturizer,FRESH,45,4.3,40,0,0,0,0,0
Moisturizer,KIEHL'S SINCE 1851,47,4.4,11,1,1,1,1,1
Moisturizer,BELIF,38,4.5,55,1,0,1,1,0
Moisturizer,SUNDAY RILEY,105,4.1,18,1,1,1,1,1
Moisturizer,FARMACY,58,4.6,53,1,1,1,1,1
Moisturizer,DRUNK ELEPHANT,90,4.4,220,1,1,1,1,0
Moisturizer,FIRST AID BEAUTY,30,4.6,23,1,1,1,1,1
Moisturizer,CLINIQUE,39,4.4,36,1,1,1,1,1
Moisturizer,FRESH,40,4.4,39,0,0,0,0,0
Moisturizer,SK-II,230,4.3,48,0,1,1,0,1
Moisturizer,LA MER,85,4.1,42,1,1,1,1,1
Moisturizer,BAREMINERALS,30,3.9,30,0,0,0,0,0
Moisturizer,SHISEIDO,78,4.6,33,0,0,0,0,0
Moisturizer,FRESH,92,4.1,53,1,1,1,0,0
Moisturizer,BELIF,38,4.6,59,0,1,1,0,0
Moisturizer,CHARLOTTE TILBURY,100,4.4,49,0,0,0,0,0
Moisturizer,DRUNK ELEPHANT,40,4.5,1,1,1,1,1,0
Moisturizer,ORIGINS,34,4.4,46,1,1,1,1,1
Moisturizer,CLINIQUE,28,3.9,22,1,1,0,0,0
Moisturizer,SK-II,240,4.1,41,1,1,1,1,1
Moisturizer,FRESH,68,4.4,28,0,0,0,0,0
Moisturizer,TATCHA,48,4.5,14,1,1,1,1,1
Moisturizer,OLEHENRIKSEN,38,4.2,1,1,1,1,1,1
Moisturizer,JOSIE MARAN,48,4.5,1,0,1,0,1,1
Moisturizer,IT COSMETICS,38,3.9,88,1,1,1,1,0
Moisturizer,FARSÁLI,54,3.9,21,0,0,0,0,0
Moisturizer,LANEIGE,25,4.4,40,1,1,1,1,1
Moisturizer,LANEIGE,35,4.4,56,0,1,1,0,1
Moisturizer,SK-II,99,4.1,7,1,1,1,1,1
Moisturizer,DR. JART+,39,4.2,1,0,0,0,0,0
Moisturizer,TATCHA,48,4.0,31,1,1,1,0,1
Moisturizer,SHISEIDO,63,4.4,42,0,1,1,0,0
Moisturizer,CLINIQUE,28,4.5,35,1,0,0,1,0
Moisturizer,OLEHENRIKSEN,55,4.3,50,1,1,1,1,0
Moisturizer,SUNDAY RILEY,80,4.2,35,1,1,1,1,1
Moisturizer,GLOW RECIPE,45,4.1,23,1,1,1,1,1
Moisturizer,HERBIVORE,48,4.6,36,1,1,1,1,1
Moisturizer,TARTE,32,3.7,19,0,0,0,0,0
Moisturizer,SUNDAY RILEY,65,4.2,28,1,1,1,0,1
Moisturizer,CAUDALIE,18,4.3,22,1,0,1,1,1
Moisturizer,CAUDALIE,10,4.5,3,1,1,1,1,1
Moisturizer,YOUTH TO THE PEOPLE,58,4.8,30,1,1,1,1,1
Moisturizer,LA MER,245,4.2,70,1,1,1,1,1
Moisturizer,BIOSSANCE,72,4.4,5,1,1,1,1,1
Moisturizer,TARTE,37,4.3,15,1,1,1,1,0
Moisturizer,SHISEIDO,57,4.5,1,0,0,0,0,0
Moisturizer,ORIGINS,29,4.4,48,1,1,1,1,1
Moisturizer,ESTÉE LAUDER,100,4.4,23,0,0,0,0,0
Moisturizer,SON & PARK,30,4.6,51,1,1,1,1,1
Moisturizer,TATCHA,120,4.3,34,1,1,1,0,1
Moisturizer,OLEHENRIKSEN,44,4.6,46,1,1,1,1,1
Moisturizer,AMOREPACIFIC,60,4.0,42,1,1,1,1,1
Moisturizer,BOBBI BROWN,60,4.5,34,1,0,1,1,0
Moisturizer,DR. JART+,52,4.2,71,1,1,1,1,1
Moisturizer,CAUDALIE,39,4.2,34,1,1,1,1,1
Moisturizer,HERBIVORE,72,4.4,8,1,0,1,1,0
Moisturizer,ERBORIAN,44,4.1,38,1,1,1,1,1
Moisturizer,SMASHBOX,42,4.0,57,0,0,0,0,0
Moisturizer,SUNDAY RILEY,65,4.1,44,1,1,1,1,1
Moisturizer,FARSÁLI,54,4.0,7,0,0,0,0,0
Moisturizer,IT COSMETICS,38,3.9,86,1,1,1,1,1
Moisturizer,TATCHA,110,4.5,32,1,1,1,0,1
Moisturizer,GLAMGLOW,49,4.0,51,1,1,1,1,0
Moisturizer,ESTÉE LAUDER,82,4.4,51,0,0,0,0,0
Moisturizer,DR. JART+,48,4.6,63,1,1,1,0,1
Moisturizer,SUNDAY RILEY,72,4.4,9,0,1,1,0,1
Moisturizer,FRESH,52,4.4,16,0,0,0,0,0
Moisturizer,LANEIGE,38,4.3,46,1,1,1,1,1
Moisturizer,AMOREPACIFIC,195,4.4,56,1,1,1,1,1
Moisturizer,GLAMGLOW,59,4.3,46,1,1,1,1,0
Moisturizer,FARMACY,45,4.1,55,1,1,1,1,1
Moisturizer,PETER THOMAS ROTH,52,4.4,45,1,1,1,1,1
Moisturizer,AMOREPACIFIC,145,4.5,7,1,1,1,1,0
Moisturizer,IT COSMETICS,48,4.3,101,1,1,1,1,1
Moisturizer,FRESH,95,4.0,54,0,0,0,0,0
Moisturizer,FRESH,290,4.4,16,1,1,1,1,1
Moisturizer,FIRST AID BEAUTY,28,4.2,44,1,1,1,1,1
Moisturizer,IT COSMETICS,68,3.8,110,1,1,1,1,1
Moisturizer,SHISEIDO,60,4.3,40,0,1,1,0,0
Moisturizer,FRESH,40,4.1,10,0,0,0,0,0
Moisturizer,ORIGINS,45,4.3,1,0,0,1,1,0
Moisturizer,TARTE,36,4.3,5,0,0,0,0,0
Moisturizer,CLINIQUE,39,4.4,35,1,1,0,0,0
Moisturizer,JOSIE MARAN,32,3.9,1,1,1,1,1,1
Moisturizer,LANEIGE,36,4.7,35,1,1,1,1,1
Moisturizer,JACK BLACK,28,4.5,1,0,0,0,0,0
Moisturizer,GLOW RECIPE,39,4.1,24,1,0,1,1,1
Moisturizer,LA MER,190,0.0,43,0,0,0,0,0
Moisturizer,LA MER,175,3.3,1,1,1,1,1,1
Moisturizer,PHILOSOPHY,39,4.1,44,1,1,1,1,1
Moisturizer,PERRICONE MD,135,3.8,38,1,1,1,1,1
Moisturizer,LANCÔME,122,4.3,48,1,1,1,1,1
Moisturizer,ALGENIST,112,4.3,36,1,1,1,1,1
Moisturizer,IT COSMETICS,35,3.6,38,0,0,0,0,0
Moisturizer,DR. JART+,48,4.3,70,1,1,1,1,1
Moisturizer,CLINIQUE,28,4.0,30,1,0,1,1,1
Moisturizer,JOSIE MARAN,40,4.1,36,1,1,1,1,1
Moisturizer,OLEHENRIKSEN,40,4.4,36,0,1,0,0,1
Moisturizer,SHISEIDO,45,4.6,1,0,0,0,0,0
Moisturizer,FARMACY,48,4.3,46,1,1,1,1,1
Moisturizer,ORIGINS,35,4.5,60,0,1,1,1,0
Moisturizer,HERBIVORE,88,4.5,9,0,1,0,0,1
Moisturizer,OLEHENRIKSEN,48,4.3,30,1,1,1,1,1
Moisturizer,BELIF,34,4.7,48,1,1,1,1,1
Moisturizer,CHARLOTTE TILBURY,29,3.5,49,0,0,0,0,0
Moisturizer,YOUTH TO THE PEOPLE,48,4.2,26,1,0,1,1,1
Moisturizer,SK-II,229,0.0,7,0,0,0,0,0
Moisturizer,TATCHA,85,4.2,35,1,1,1,1,1
Moisturizer,KIEHL'S SINCE 1851,84,4.3,39,0,0,0,0,0
Moisturizer,BIOSSANCE,58,4.7,26,1,1,1,0,1
Moisturizer,SHISEIDO,127,4.3,43,0,0,0,0,0
Moisturizer,ORIGINS,45,4.3,1,0,1,1,0,0
Moisturizer,SHISEIDO,60,4.3,34,0,0,0,0,0
Moisturizer,MAKE UP FOR EVER,30,4.2,1,0,0,0,0,0
Moisturizer,IT COSMETICS,32,4.2,66,0,0,0,0,0
Moisturizer,KIEHL'S SINCE 1851,47,4.7,17,1,1,1,1,1
Moisturizer,BOBBI BROWN,47,3.9,4,1,0,1,1,0
Moisturizer,FRESH,42,4.3,45,1,0,1,1,1
Moisturizer,KORRES,48,4.4,52,1,1,1,1,1
Moisturizer,FRESH,44,4.8,25,0,0,0,0,0
Moisturizer,BELIF,58,4.7,64,1,1,1,0,0
Moisturizer,YOUTH TO THE PEOPLE,44,4.8,18,1,1,1,0,1
Moisturizer,MURAD,75,4.4,58,0,0,0,0,0
Moisturizer,IT COSMETICS,38,4.5,67,1,1,1,1,1
Moisturizer,TARTE,39,4.4,35,1,1,1,1,1
Moisturizer,SMASHBOX,32,4.1,16,1,1,1,1,1
Moisturizer,FIRST AID BEAUTY,38,4.3,38,1,1,1,1,1
Moisturizer,MURAD,82,4.6,57,1,1,1,1,1
Moisturizer,ESTÉE LAUDER,65,4.0,1,0,0,0,0,0
Moisturizer,TATCHA,95,4.4,8,1,1,1,1,1
Moisturizer,GUERLAIN,29,4.2,1,1,1,1,1,1
Moisturizer,BIOSSANCE,52,4.4,27,1,1,1,1,1
Moisturizer,DIOR,82,4.2,1,0,0,0,0,0
Moisturizer,SMASHBOX,42,4.1,23,1,1,1,1,0
Moisturizer,ORIGINS,45,3.5,65,1,1,1,1,1
Moisturizer,KORA ORGANICS,68,4.3,16,1,1,1,1,1
Moisturizer,LANEIGE,35,4.6,55,1,0,1,1,1
Moisturizer,SK-II,225,4.2,37,1,1,1,1,1
Moisturizer,DR. DENNIS GROSS SKINCARE,75,4.1,66,1,1,1,1,1
Moisturizer,REN CLEAN SKINCARE,48,4.9,28,1,1,1,1,1
Moisturizer,MURAD,40,4.2,57,1,0,0,1,0
Moisturizer,OLEHENRIKSEN,34,4.3,39,1,0,0,1,0
Moisturizer,DIOR,115,4.3,1,1,1,1,1,1
Moisturizer,KIEHL'S SINCE 1851,29,4.1,19,1,0,1,0,0
Moisturizer,FIRST AID BEAUTY,36,4.2,27,1,1,1,1,1
Moisturizer,ORIGINS,56,4.1,70,1,1,1,1,0
Moisturizer,BIOSSANCE,58,4.6,1,1,1,1,1,1
Moisturizer,FIRST AID BEAUTY,24,4.2,23,1,1,1,1,1
Moisturizer,MURAD,40,4.3,43,1,0,1,1,0
Moisturizer,GUERLAIN,50,4.1,1,1,1,1,1,0
Moisturizer,FRESH,90,4.2,1,0,1,1,0,0
Moisturizer,ORIGINS,60,4.7,79,1,1,1,0,1
Moisturizer,LA MER,270,3.6,76,1,1,1,1,1
Moisturizer,CLINIQUE,39,4.1,34,1,0,0,1,0
Moisturizer,SHISEIDO,63,4.3,47,0,0,0,0,0
Moisturizer,CAUDALIE,76,4.1,34,1,1,1,1,1
Moisturizer,LANCÔME,175,4.5,1,0,0,0,0,0
Moisturizer,MURAD,63,4.0,45,1,1,1,1,1
Moisturizer,CLINIQUE,39,3.8,40,0,0,0,0,0
Moisturizer,KOPARI,28,4.2,1,1,1,1,1,1
Moisturizer,SHISEIDO,280,4.0,50,1,1,1,1,1
Moisturizer,CLARINS,57,4.2,41,1,0,1,1,0
Moisturizer,FARSÁLI,39,4.5,1,0,0,0,0,0
Moisturizer,TARTE,48,4.4,2,0,0,0,0,0
Moisturizer,SHISEIDO,45,4.1,37,0,0,0,0,0
Moisturizer,SHISEIDO,45,4.4,49,1,1,1,1,0
Moisturizer,LA MER,130,4.0,70,1,1,1,1,1
Moisturizer,NURSE JAMIE,69,5.0,41,0,0,0,0,0
Moisturizer,LANCER,125,4.5,37,1,1,1,1,1
Moisturizer,LANCÔME,52,4.5,44,0,0,0,0,0
Moisturizer,TATCHA,95,4.6,20,1,1,1,1,1
Moisturizer,DR. DENNIS GROSS SKINCARE,88,4.4,48,1,1,1,1,1
Moisturizer,SMASHBOX,42,3.9,64,1,1,1,1,1
Moisturizer,L'OCCITANE,110,3.9,51,0,0,0,0,0
Moisturizer,ESTÉE LAUDER,80,4.7,82,0,0,0,0,0
Moisturizer,KATE SOMERVILLE,65,4.2,24,1,0,1,1,0
Moisturizer,SUPERGOOP!,34,4.4,22,1,1,1,1,1
Moisturizer,ALGENIST,94,4.4,41,0,0,0,0,0
Moisturizer,ORIGINS,39,4.0,66,1,1,1,1,0
Moisturizer,CAUDALIE,140,4.4,41,1,1,1,1,1
Moisturizer,CAUDALIE,76,3.9,43,1,1,1,0,1
Moisturizer,SHISEIDO,92,4.1,1,1,1,1,1,0
Moisturizer,DR. DENNIS GROSS SKINCARE,72,4.2,70,0,1,1,0,1
Moisturizer,KORRES,54,4.4,21,1,1,1,1,1
Moisturizer,CLINIQUE,39,5.0,35,1,0,0,1,0
Moisturizer,SATURDAY SKIN,39,4.6,40,1,1,1,1,1
Moisturizer,SHISEIDO,105,4.8,60,0,0,0,0,0
Moisturizer,SEPHORA COLLECTION,4,4.2,20,0,0,0,0,0
Moisturizer,BELIF,42,4.3,37,0,0,0,0,0
Moisturizer,JOSIE MARAN,48,4.4,1,1,1,0,1,1
Moisturizer,MILK MAKEUP,24,3.8,14,1,1,1,1,1
Moisturizer,ESTÉE LAUDER,108,4.1,80,0,0,0,0,0
Moisturizer,ESTÉE LAUDER,92,4.2,1,1,1,1,1,0
Moisturizer,OLEHENRIKSEN,55,4.2,55,1,1,1,1,1
Moisturizer,DIOR,165,4.4,1,0,0,0,0,0
Moisturizer,CLINIQUE,39,4.0,36,1,1,1,1,1
Moisturizer,PHILOSOPHY,60,4.3,1,1,1,1,1,1
Moisturizer,KIEHL'S SINCE 1851,35,4.4,20,1,1,1,1,1
Moisturizer,SK-II,160,4.3,23,1,1,1,1,1
Moisturizer,LANCÔME,49,4.3,45,0,0,0,0,0
Moisturizer,CAUDALIE,50,4.5,16,1,1,1,1,1
Moisturizer,CLARINS,90,4.1,30,1,1,1,1,1
Moisturizer,AMOREPACIFIC,150,4.1,55,1,1,1,0,1
Moisturizer,FRESH,145,4.2,5,0,0,0,0,0
Moisturizer,ERBORIAN,39,4.4,44,1,1,1,1,1
Moisturizer,DR. JART+,36,4.1,47,1,0,1,0,1
Moisturizer,ALGENIST,28,4.4,22,0,0,0,0,0
Moisturizer,PHILOSOPHY,49,4.4,42,1,1,1,1,1
Moisturizer,JOSIE MARAN,32,4.1,10,1,1,1,1,1
Moisturizer,MURAD,48,4.3,54,0,0,0,0,0
Moisturizer,CLINIQUE,35,4.5,42,0,0,0,0,0
Moisturizer,KIEHL'S SINCE 1851,29,3.9,18,1,1,1,1,1
Moisturizer,FARMACY,34,4.5,21,1,1,1,0,1
Moisturizer,PHILOSOPHY,75,4.0,68,1,1,1,0,0
Moisturizer,AMOREPACIFIC,50,4.4,29,1,1,1,1,1
Moisturizer,CLINIQUE,28,4.3,13,0,0,0,0,0
Moisturizer,SHISEIDO,115,3.7,53,1,1,1,1,1
Moisturizer,CAUDALIE,39,4.2,45,1,1,1,1,1
Moisturizer,DIOR,140,5.0,1,0,0,0,0,0
Moisturizer,KATE SOMERVILLE,95,3.9,40,1,1,1,1,0
Moisturizer,DR. DENNIS GROSS SKINCARE,60,4.2,51,1,1,1,1,1
Moisturizer,ESTÉE LAUDER,115,4.9,20,1,1,1,1,1
Moisturizer,CLINIQUE,58,4.7,46,0,0,0,0,0
Moisturizer,MURAD,60,4.6,71,1,1,1,1,1
Moisturizer,GUERLAIN,54,4.3,1,1,1,1,1,1
Moisturizer,BAREMINERALS,27,4.1,1,0,0,0,0,0
Moisturizer,AMOREPACIFIC,100,4.2,57,1,1,1,0,1
Moisturizer,HERBIVORE,64,4.6,7,0,0,1,0,1
Moisturizer,SEPHORA COLLECTION,23,4.4,39,0,0,0,0,0
Moisturizer,CLARINS,48,4.5,1,0,1,1,0,1
Moisturizer,ESTÉE LAUDER,82,4.0,1,1,1,1,1,1
Moisturizer,TARTE,25,3.9,20,0,0,0,0,0
Moisturizer,FIRST AID BEAUTY,34,4.2,31,1,0,1,1,1
Moisturizer,DR. BRANDT SKINCARE,67,4.2,40,1,1,1,1,0
Moisturizer,LANEIGE,38,5.0,24,1,1,1,0,0
Moisturizer,SHISEIDO,40,4.4,43,1,1,1,1,0
Moisturizer,TARTE,25,4.2,33,0,0,0,0,0
Moisturizer,GLAMGLOW,49,4.1,29,1,0,1,1,0
Moisturizer,LANCÔME,99,3.9,45,1,1,1,1,1
Moisturizer,BIOSSANCE,30,4.4,19,1,1,1,1,1
Moisturizer,IT COSMETICS,38,3.8,1,0,0,0,0,0
Moisturizer,ORIGINS,60,4.4,72,1,1,1,1,1
Moisturizer,LANCÔME,55,4.2,1,1,1,1,1,1
Moisturizer,KATE SOMERVILLE,65,4.6,36,1,1,1,1,0
Moisturizer,J.ONE,42,4.3,34,1,1,1,1,1
Moisturizer,KATE SOMERVILLE,85,4.3,40,1,1,1,1,0
Moisturizer,PERRICONE MD,69,4.3,31,1,1,1,0,1
Moisturizer,KAT VON D,26,4.1,1,0,0,0,0,0
Moisturizer,DIOR,175,4.5,1,0,0,0,0,0
Moisturizer,PERRICONE MD,69,4.2,26,0,0,0,0,0
Moisturizer,JOSIE MARAN,28,4.5,3,1,1,1,0,1
Moisturizer,TATA HARPER,110,3.4,1,0,1,0,0,0
Moisturizer,SHISEIDO,45,3.9,36,0,0,0,0,0
Moisturizer,DR. JART+,36,4.1,1,1,1,1,1,1
Moisturizer,HERBIVORE,58,4.0,25,1,1,1,1,1
Moisturizer,LANCÔME,88,4.6,38,1,1,1,1,1
Moisturizer,SHISEIDO,94,4.7,1,0,0,0,0,0
Moisturizer,CAUDALIE,140,4.5,48,1,1,1,1,1
Moisturizer,JACK BLACK,30,4.5,22,1,0,1,1,1
Moisturizer,LANCÔME,48,4.6,33,1,1,1,1,1
Moisturizer,CLINIQUE,50,4.1,60,0,0,0,0,0
Moisturizer,ESTÉE LAUDER,54,4.1,1,0,0,0,0,0
Moisturizer,FIRST AID BEAUTY,40,3.9,1,1,1,1,1,1
Moisturizer,PETER THOMAS ROTH,85,4.5,77,0,0,0,0,0
Moisturizer,BOBBI BROWN,60,4.3,48,0,0,0,0,0
Moisturizer,CLINIQUE,48,4.4,44,0,0,0,0,0
Moisturizer,HERBIVORE,32,4.1,9,1,1,1,1,1
Moisturizer,TATA HARPER,48,4.3,1,1,1,1,1,1
Moisturizer,SEPHORA COLLECTION,23,4.3,36,0,0,0,0,0
Moisturizer,CLINIQUE,39,0.0,22,1,1,0,0,0
Moisturizer,PHILOSOPHY,39,4.0,1,1,1,1,1,1
Moisturizer,SK-II,150,4.5,22,0,0,0,0,0
Moisturizer,KIEHL'S SINCE 1851,29,4.2,34,1,1,1,1,1
Moisturizer,DIOR,95,3.9,1,1,1,1,1,1
Moisturizer,CLINIQUE,52,4.7,84,0,0,0,0,0
Moisturizer,TARTE,44,4.0,40,0,0,0,0,0
Moisturizer,GLAMGLOW,59,4.2,57,1,1,1,1,0
Moisturizer,ALGENIST,95,4.4,48,1,1,1,1,1
Moisturizer,LANCÔME,185,4.1,1,0,0,0,0,0
Moisturizer,KIEHL'S SINCE 1851,29,4.7,26,0,1,1,0,0
Moisturizer,ALGENIST,98,3.9,44,0,0,0,0,0
Moisturizer,SHISEIDO,62,4.6,44,1,1,1,0,0
Moisturizer,SATURDAY SKIN,49,4.6,63,1,1,1,1,1
Moisturizer,LA MER,270,3.9,74,0,0,1,1,0
Moisturizer,HERBIVORE,39,4.2,11,1,0,0,1,1
Moisturizer,CLARINS,136,4.5,41,0,0,0,0,0
Moisturizer,KATE SOMERVILLE,65,4.1,33,1,1,1,1,1
Moisturizer,GO-TO,34,4.8,14,1,1,1,1,1
Cleanser,DRUNK ELEPHANT,80,4.5,39,1,1,1,1,0
Cleanser,DRUNK ELEPHANT,90,4.3,32,1,1,1,1,0
Cleanser,FRESH,38,4.4,38,0,0,0,0,0
Cleanser,FARMACY,34,4.6,31,1,1,1,1,1
Cleanser,PHILOSOPHY,24,4.5,29,1,1,1,1,1
Cleanser,LANCÔME,26,4.6,23,0,0,0,0,0
Cleanser,FRESH,44,4.2,20,0,0,0,0,0
Cleanser,TATCHA,65,4.4,20,1,1,1,1,1
Cleanser,CLINIQUE,29,4.6,9,1,1,1,1,1
Cleanser,KIEHL'S SINCE 1851,35,4.3,12,0,0,0,0,0
Cleanser,LANCÔME,30,4.7,14,0,0,0,0,0
Cleanser,SEPHORA COLLECTION,7,4.5,19,0,0,0,0,0
Cleanser,TATCHA,38,4.4,1,1,0,1,1,1
Cleanser,FIRST AID BEAUTY,20,4.4,27,1,1,1,1,1
Cleanser,ORIGINS,23,4.3,27,1,1,1,1,1
Cleanser,SHISEIDO,10,4.9,1,0,0,0,0,0
Cleanser,KATE SOMERVILLE,24,4.4,38,1,1,1,1,0
Cleanser,LA MER,95,4.3,54,0,0,0,0,0
Cleanser,BOSCIA,32,4.5,31,1,1,1,1,1
Cleanser,DRUNK ELEPHANT,34,4.1,17,1,0,1,1,1
Cleanser,BOSCIA,28,4.5,25,1,0,1,1,1
Cleanser,OLEHENRIKSEN,26,4.4,26,1,1,1,1,1
Cleanser,AMOREPACIFIC,60,4.7,22,1,1,1,1,1
Cleanser,CLINIQUE,19,4.6,13,0,0,0,0,0
Cleanser,SK-II,76,4.1,16,1,1,1,1,1
Cleanser,FRESH,62,4.6,22,0,0,0,0,0
Cleanser,EVE LOM,80,4.3,13,1,1,1,1,1
Cleanser,KATE SOMERVILLE,38,4.5,28,0,0,0,0,0
Cleanser,YOUTH TO THE PEOPLE,36,4.4,20,0,0,0,0,0
Cleanser,OLEHENRIKSEN,30,4.4,27,1,1,1,1,1
Cleanser,BOSCIA,30,4.3,21,1,0,1,1,1
Cleanser,OLEHENRIKSEN,28,4.7,35,1,1,1,1,1
Cleanser,SEPHORA COLLECTION,11,4.4,1,0,0,0,0,0
Cleanser,KIEHL'S SINCE 1851,29,4.7,17,1,1,1,1,1
Cleanser,SK-II,75,4.3,20,1,1,1,1,1
Cleanser,DR. BRANDT SKINCARE,79,4.7,25,1,1,1,1,0
Cleanser,CLINIQUE,18,4.4,23,1,1,1,1,1
Cleanser,TATA HARPER,42,4.2,1,1,1,1,1,0
Cleanser,BIOSSANCE,68,4.8,36,1,1,1,1,0
Cleanser,CAUDALIE,28,4.3,21,1,1,1,1,1
Cleanser,KORRES,26,4.6,26,1,1,1,1,1
Cleanser,TARTE,39,4.5,25,0,0,0,0,0
Cleanser,CAUDALIE,28,4.4,12,1,1,1,1,1
Cleanser,KIEHL'S SINCE 1851,20,4.6,28,1,1,1,1,1
Cleanser,CLINIQUE,16,4.4,13,0,0,0,0,0
Cleanser,KIEHL'S SINCE 1851,16,4.5,20,1,1,1,1,1
Cleanser,SHISEIDO,36,4.8,34,1,1,1,1,0
Cleanser,DRUNK ELEPHANT,18,4.5,26,1,1,1,1,0
Cleanser,SEPHORA COLLECTION,7,4.7,1,0,0,0,0,0
Cleanser,SHISEIDO,38,4.5,1,0,0,0,0,0
Cleanser,GLAMGLOW,59,4.1,29,1,1,1,1,0
Cleanser,SUNDAY RILEY,35,4.3,23,1,1,1,1,0
Cleanser,PETER THOMAS ROTH,38,4.4,26,0,0,0,0,0
Cleanser,CAUDALIE,28,3.8,1,1,0,1,1,1
Cleanser,MURAD,30,4.3,31,1,1,1,1,1
Cleanser,MAKEUP ERASER,20,4.3,1,0,0,0,0,0
Cleanser,BOSCIA,28,4.4,23,1,1,1,1,1
Cleanser,LA MER,95,4.1,35,1,1,1,1,1
Cleanser,MAKE UP FOR EVER,25,4.4,27,0,0,0,0,0
Cleanser,KATE SOMERVILLE,38,4.3,28,1,0,1,1,0
Cleanser,BOSCIA,34,4.1,35,1,1,1,1,1
Cleanser,IT COSMETICS,38,4.5,75,1,1,1,1,1
Cleanser,PHILOSOPHY,8,4.6,33,1,1,1,1,1
Cleanser,AMOREPACIFIC,50,4.5,44,1,0,1,1,0
Cleanser,FARMACY,28,4.3,46,1,1,1,1,1
Cleanser,CLINIQUE,21,4.2,27,1,1,1,1,0
Cleanser,DRUNK ELEPHANT,28,4.5,11,1,1,1,1,1
Cleanser,ESTÉE LAUDER,58,0.0,39,0,0,0,0,0
Cleanser,REN CLEAN SKINCARE,35,4.4,38,1,1,1,1,1
Cleanser,LANCER,75,4.6,21,1,0,1,0,0
Cleanser,MURAD,39,4.6,21,0,0,0,0,0
Cleanser,LANEIGE,23,4.5,25,1,1,1,1,1
Cleanser,CLARINS,26,4.5,31,1,0,1,0,0
Cleanser,SHISEIDO,30,4.4,22,0,0,0,0,0
Cleanser,DR. JART+,39,4.5,51,1,1,1,0,1
Cleanser,CLINIQUE,22,4.7,105,1,0,0,1,0
Cleanser,CAUDALIE,14,4.0,15,1,1,1,1,1
Cleanser,DRUNK ELEPHANT,28,4.6,13,1,1,1,1,0
Cleanser,ORIGINS,20,4.5,31,1,1,1,1,1
Cleanser,OLEHENRIKSEN,28,4.6,28,1,0,0,1,0
Cleanser,CLINIQUE,29,3.7,20,1,1,1,1,1
Cleanser,GLOW RECIPE,34,4.4,20,1,1,1,1,1
Cleanser,CLARINS,26,4.5,31,1,1,1,0,1
Cleanser,LAURA MERCIER,32,4.7,48,0,0,0,0,0
Cleanser,NEOGEN DERMALOGY,19,4.4,117,1,1,1,1,1
Cleanser,GLAMGLOW,59,4.1,50,1,1,1,1,0
Cleanser,MURAD,38,4.4,57,1,1,1,1,1
Cleanser,INDIE LEE,32,4.4,12,1,1,1,1,1
Cleanser,JACK BLACK,19,4.6,23,0,0,0,0,0
Cleanser,CLINIQUE,17,4.4,17,1,1,1,1,0
Cleanser,KIEHL'S SINCE 1851,23,4.6,24,1,0,1,1,1
Cleanser,FRESH,25,0.0,20,0,0,0,0,0
Cleanser,CLINIQUE,16,4.4,17,0,0,0,0,0
Cleanser,IT COSMETICS,28,4.7,70,1,1,1,1,1
Cleanser,CLINIQUE,21,4.6,17,0,0,0,0,0
Cleanser,BELIF,28,4.6,29,0,0,0,0,0
Cleanser,TATA HARPER,70,4.4,1,1,1,1,1,1
Cleanser,KIEHL'S SINCE 1851,32,4.4,2,1,1,1,1,1
Cleanser,KIEHL'S SINCE 1851,41,5.0,17,1,1,1,1,0
Cleanser,DR. DENNIS GROSS SKINCARE,38,4.6,42,1,1,1,1,1
Cleanser,LANEIGE,28,4.5,41,1,1,1,0,1
Cleanser,LANCÔME,26,4.5,24,0,0,0,0,0
Cleanser,OLEHENRIKSEN,15,4.2,40,1,1,1,1,1
Cleanser,CLARINS,38,4.7,35,1,1,1,1,0
Cleanser,KOH GEN DO,46,4.5,17,0,0,0,0,0
Cleanser,JACK BLACK,18,4.8,1,0,0,0,0,0
Cleanser,INDIE LEE,32,4.4,12,1,1,1,1,1
Cleanser,LA MER,25,5.0,54,0,0,0,0,0
Cleanser,SEPHORA COLLECTION,7,4.7,1,0,0,0,0,0
Cleanser,CAUDALIE,35,4.6,29,1,1,1,1,1
Cleanser,REN CLEAN SKINCARE,30,4.3,1,1,1,1,1,1
Cleanser,GLAMGLOW,32,3.9,28,1,0,1,1,0
Cleanser,MURAD,39,4.5,36,0,0,0,0,0
Cleanser,OLEHENRIKSEN,24,4.5,32,1,1,1,1,1
Cleanser,SEPHORA COLLECTION,7,4.6,1,0,0,0,0,0
Cleanser,LA MER,95,4.2,40,0,0,0,0,0
Cleanser,KOH GEN DO,48,4.6,17,0,0,0,0,0
Cleanser,OLEHENRIKSEN,25,4.5,28,1,0,0,1,0
Cleanser,CLINIQUE,19,4.5,36,1,1,1,1,0
Cleanser,FIRST AID BEAUTY,55,4.5,45,1,1,1,1,1
Cleanser,KORRES,28,4.8,4,1,1,1,1,1
Cleanser,SEPHORA COLLECTION,7,4.6,1,0,0,0,0,0
Cleanser,SHISEIDO,52,3.8,30,1,1,1,1,0
Cleanser,LANCÔME,32,4.5,1,0,0,0,0,0
Cleanser,TATA HARPER,76,4.1,1,1,1,1,1,1
Cleanser,SEPHORA COLLECTION,16,4.5,24,0,0,0,0,0
Cleanser,JACK BLACK,22,4.6,28,0,0,0,0,0
Cleanser,BOBBI BROWN,48,4.2,24,0,0,0,0,0
Cleanser,SEPHORA COLLECTION,7,4.2,1,0,0,0,0,0
Cleanser,SHISEIDO,33,4.5,1,0,0,0,0,0
Cleanser,TARTE,25,4.4,30,0,0,0,0,0
Cleanser,CLINIQUE,22,4.6,26,0,0,0,0,0
Cleanser,CLINIQUE,14,3.6,13,0,0,0,0,0
Cleanser,LANCÔME,45,5.0,37,0,0,0,0,0
Cleanser,DR. JART+,32,4.4,24,1,1,1,1,1
Cleanser,FIRST AID BEAUTY,24,4.3,22,1,1,1,1,1
Cleanser,BOSCIA,7,3.3,2,1,1,1,1,1
Cleanser,CAUDALIE,28,4.1,27,1,1,1,1,1
Cleanser,CAUDALIE,28,4.4,8,1,1,1,1,1
Cleanser,CLINIQUE,19,4.3,7,0,0,0,0,0
Cleanser,DR. JART+,22,4.5,51,0,0,0,0,0
Cleanser,FRESH,38,3.9,39,1,1,1,1,1
Cleanser,LANEIGE,23,3.8,26,1,1,1,0,1
Cleanser,FRESH,42,4.5,23,0,0,0,0,0
Cleanser,SHISEIDO,22,4.2,31,1,1,1,1,1
Cleanser,DR. BRANDT SKINCARE,58,4.2,32,1,0,1,1,0
Cleanser,LANEIGE,28,4.4,17,1,0,0,1,0
Cleanser,SEPHORA COLLECTION,60,4.5,1,0,0,0,0,0
Cleanser,L'OCCITANE,24,4.5,8,0,0,0,0,0
Cleanser,TATCHA,12,4.7,2,1,1,1,1,1
Cleanser,CHARLOTTE TILBURY,60,4.9,35,1,1,1,1,1
Cleanser,ORIGINS,23,4.2,38,0,0,0,0,0
Cleanser,LANCÔME,26,4.4,1,0,0,0,0,0
Cleanser,HERBIVORE,12,4.5,8,1,0,1,1,0
Cleanser,MURAD,24,0.0,25,0,0,0,0,0
Cleanser,ORIGINS,25,4.5,28,0,0,0,0,0
Cleanser,KOPARI,24,4.5,17,1,1,1,1,1
Cleanser,SEPHORA COLLECTION,7,4.1,1,1,1,1,1,1
Cleanser,LANCER,75,4.7,31,1,0,1,1,0
Cleanser,SEPHORA COLLECTION,7,4.2,1,1,1,1,1,1
Cleanser,ORIGINS,23,4.3,27,0,0,0,0,0
Cleanser,SUNDAY RILEY,55,3.9,48,1,0,1,1,1
Cleanser,PHILOSOPHY,15,3.9,33,0,0,0,0,0
Cleanser,SATURDAY SKIN,28,4.6,45,1,1,1,1,1
Cleanser,VOLITION BEAUTY,38,4.6,19,1,1,1,1,1
Cleanser,PHILOSOPHY,75,4.1,20,1,1,1,1,1
Cleanser,KATE SOMERVILLE,36,4.3,28,1,0,1,1,0
Cleanser,TOO FACED,17,4.2,15,0,0,0,0,0
Cleanser,ORIGINS,33,4.3,34,0,0,0,0,0
Cleanser,SEPHORA COLLECTION,7,4.4,1,0,0,0,0,0
Cleanser,SHISEIDO,24,4.4,35,0,0,0,0,0
Cleanser,ORIGINS,23,4.3,33,0,0,0,0,0
Cleanser,BOSCIA,10,4.3,2,0,0,0,0,0
Cleanser,SUNDAY RILEY,50,4.4,29,0,0,0,0,0
Cleanser,SHISEIDO,60,4.3,26,1,1,1,1,1
Cleanser,BELIF,26,4.1,30,0,0,0,0,0
Cleanser,FARMACY,30,4.5,21,1,1,1,1,1
Cleanser,KIEHL'S SINCE 1851,16,4.1,20,0,1,0,0,1
Cleanser,SHISEIDO,18,4.3,15,1,1,1,1,1
Cleanser,SATURDAY SKIN,26,4.5,46,1,1,1,1,1
Cleanser,BELIF,28,4.3,46,0,0,0,1,1
Cleanser,PETER THOMAS ROTH,40,4.3,23,1,1,1,1,1
Cleanser,MILK MAKEUP,26,3.7,23,1,1,1,1,1
Cleanser,CLINIQUE,24,4.2,25,1,1,1,1,1
Cleanser,PETER THOMAS ROTH,38,4.2,30,1,1,1,1,1
Cleanser,FRESH,29,3.6,22,1,1,1,1,1
Cleanser,BAREMINERALS,30,4.6,17,1,1,1,1,0
Cleanser,BELIF,28,4.3,39,0,0,0,0,0
Cleanser,MURAD,30,4.4,46,0,0,0,0,0
Cleanser,PERRICONE MD,38,4.4,1,1,1,1,1,1
Cleanser,MURAD,39,4.5,38,0,0,0,0,0
Cleanser,GLAMGLOW,32,4.2,60,1,0,1,1,0
Cleanser,CLARINS,30,4.5,15,1,1,1,1,1
Cleanser,PETER THOMAS ROTH,38,4.4,53,0,0,0,0,0
Cleanser,SEPHORA COLLECTION,7,4.9,1,0,0,0,0,0
Cleanser,FRESH,15,2.8,10,0,0,0,0,0
Cleanser,OLEHENRIKSEN,8,4.5,40,1,0,0,1,0
Cleanser,PHILOSOPHY,34,4.8,177,1,1,1,1,1
Cleanser,DIOR,42,4.4,1,1,1,1,1,0
Cleanser,KORRES,28,4.4,42,1,1,1,1,1
Cleanser,SEPHORA COLLECTION,4,4.6,1,0,0,0,0,0
Cleanser,BELIF,34,4.5,27,1,1,1,1,1
Cleanser,SEPHORA COLLECTION,8,4.3,1,0,0,0,0,0
Cleanser,PERRICONE MD,45,4.3,21,1,1,1,1,1
Cleanser,LA MER,95,4.3,47,1,1,1,1,1
Cleanser,MURAD,30,4.4,31,0,0,0,0,0
Cleanser,GLAMGLOW,9,4.3,31,1,1,1,1,0
Cleanser,CLINIQUE,16,4.5,16,0,0,0,0,0
Cleanser,PETER THOMAS ROTH,38,4.4,16,1,1,1,1,1
Cleanser,SHISEIDO,30,4.3,23,1,1,1,1,1
Cleanser,SHISEIDO,73,4.3,1,0,0,0,0,0
Cleanser,SHISEIDO,24,4.4,22,0,0,0,0,0
Cleanser,SK-II,70,4.5,20,1,1,1,1,1
Cleanser,SKIN INC SUPPLEMENT BAR,55,4.2,13,1,1,1,1,1
Cleanser,ORIGINS,33,4.6,39,0,0,0,0,0
Cleanser,BOSCIA,26,4.3,15,0,0,0,0,0
Cleanser,ALGENIST,38,4.6,33,0,0,0,0,0
Cleanser,OLEHENRIKSEN,42,4.5,26,1,1,1,1,1
Cleanser,BOSCIA,26,4.3,29,1,1,1,1,1
Cleanser,LANCÔME,26,4.1,1,0,0,0,0,0
Cleanser,KIEHL'S SINCE 1851,29,4.3,1,1,1,1,1,1
Cleanser,SEPHORA COLLECTION,8,4.5,1,0,0,0,0,0
Cleanser,MURAD,34,4.5,39,0,0,0,0,0
Cleanser,CLINIQUE,9,3.4,1,0,0,0,0,0
Cleanser,DR. DENNIS GROSS SKINCARE,42,4.2,45,0,0,0,0,0
Cleanser,EVE LOM,22,4.3,1,0,0,0,0,0
Cleanser,ERBORIAN,39,4.5,18,0,0,0,0,0
Cleanser,ERBORIAN,39,4.4,31,1,1,1,1,1
Cleanser,NUFACE,20,4.7,17,1,1,1,1,1
Cleanser,TARTE,22,4.6,17,1,1,1,1,1
Cleanser,CLINIQUE,21,4.1,1,0,0,0,0,0
Cleanser,KATE SOMERVILLE,26,4.2,20,0,0,0,0,0
Cleanser,KLORANE,16,4.5,12,0,0,0,0,0
Cleanser,KATE SOMERVILLE,55,0.0,10,1,1,1,1,0
Cleanser,BOBBI BROWN,30,4.5,13,0,0,0,0,0
Cleanser,FIRST AID BEAUTY,24,3.9,24,1,1,1,1,1
Cleanser,PHILOSOPHY,23,0.0,39,0,0,0,0,0
Cleanser,LANCER,55,4.4,30,1,0,1,0,0
Cleanser,PETER THOMAS ROTH,38,4.3,23,0,0,0,0,0
Cleanser,ERBORIAN,28,4.5,31,0,0,0,0,0
Cleanser,CLINIQUE,27,4.1,58,1,1,1,1,1
Cleanser,BEAUTYBIO,35,4.0,21,1,1,1,1,1
Cleanser,GO-TO,35,4.9,11,1,1,1,1,1
Cleanser,PERRICONE MD,45,4.5,28,1,1,1,1,1
Cleanser,GLAMGLOW,59,3.9,48,1,1,1,1,0
Cleanser,FIRST AID BEAUTY,25,4.2,43,1,1,1,1,1
Cleanser,ORIGINS,29,4.5,28,1,1,1,1,0
Cleanser,LA MER,95,4.5,41,0,0,0,0,0
Cleanser,KATE SOMERVILLE,36,4.2,21,0,0,0,0,0
Cleanser,ALGENIST,38,4.1,20,0,0,0,0,0
Cleanser,NARS,25,4.3,20,0,0,0,0,0
Cleanser,SEPHORA COLLECTION,12,4.6,1,0,0,0,0,0
Cleanser,OLEHENRIKSEN,15,4.0,42,0,1,0,0,1
Cleanser,MURAD,78,4.3,33,1,1,1,1,1
Cleanser,KIEHL'S SINCE 1851,20,4.2,19,1,0,1,1,0
Cleanser,LANEIGE,27,4.4,13,1,1,1,1,0
Cleanser,OLEHENRIKSEN,32,4.4,23,1,1,1,1,1
Cleanser,KIEHL'S SINCE 1851,24,4.6,32,0,1,1,0,1
Cleanser,SHISEIDO,36,5.0,27,0,1,0,0,0
Cleanser,DR. JART+,35,4.4,41,0,0,0,0,0
Cleanser,BLITHE,42,4.5,46,1,1,1,1,1
Cleanser,ESTÉE LAUDER,26,4.5,34,0,0,0,0,0
Cleanser,CLINIQUE,16,4.4,14,0,0,0,0,0
Cleanser,CLINIQUE,19,4.4,16,0,0,0,0,0
Cleanser,SUNDAY RILEY,38,4.3,29,1,1,1,1,1
Cleanser,CLINIQUE,28,4.7,21,1,1,1,1,1
Cleanser,FRESH,33,4.7,29,0,0,0,0,0
Cleanser,CLINIQUE,29,4.9,15,1,1,1,1,1
Cleanser,REN CLEAN SKINCARE,32,4.2,23,1,1,1,1,1
Cleanser,MURAD,39,4.4,21,0,0,0,0,0
Cleanser,KIEHL'S SINCE 1851,22,3.5,34,1,0,0,1,0
Cleanser,SEPHORA COLLECTION,7,4.7,1,0,0,0,0,0
Cleanser,ERNO LASZLO,55,5.0,38,1,1,1,1,1
Cleanser,KIEHL'S SINCE 1851,28,3.7,18,1,1,1,1,1
Cleanser,SEPHORA COLLECTION,7,5.0,1,0,0,0,0,0
Cleanser,CLARISONIC,19,5.0,17,1,1,1,1,1
Cleanser,FENTY BEAUTY BY RIHANNA,16,3.9,1,0,0,0,0,0
Cleanser,CLINIQUE,15,4.4,11,0,0,0,0,0
Cleanser,ALGENIST,25,4.4,25,0,0,0,0,0
Cleanser,REN CLEAN SKINCARE,32,4.5,33,0,0,0,0,0
Cleanser,DERMADOCTOR,36,3.9,28,0,0,0,0,0
Treatment,DRUNK ELEPHANT,80,4.1,36,1,1,1,1,0
Treatment,SUNDAY RILEY,158,4.3,24,1,1,1,1,0
Treatment,ESTÉE LAUDER,98,4.3,40,1,1,1,1,1
Treatment,OLEHENRIKSEN,48,4.3,27,1,1,1,1,1
Treatment,LANCÔME,178,2.0,24,0,0,0,0,0
Treatment,DR. DENNIS GROSS SKINCARE,88,4.5,57,1,1,1,1,0
Treatment,LANCÔME,105,4.5,1,1,1,1,1,1
Treatment,KIEHL'S SINCE 1851,50,3.5,24,1,1,1,1,1
Treatment,LA MER,370,3.9,43,0,0,0,0,0
Treatment,SHISEIDO,100,4.2,6,1,1,1,1,1
Treatment,GLAMGLOW,59,4.2,38,1,0,1,1,0
Treatment,DRUNK ELEPHANT,52,4.2,28,1,1,1,1,0
Treatment,DR. DENNIS GROSS SKINCARE,88,4.5,55,1,1,1,1,0
Treatment,OLEHENRIKSEN,128,4.0,27,1,1,1,1,0
Treatment,DRUNK ELEPHANT,28,4.2,32,1,1,1,1,1
Treatment,CAUDALIE,49,4.4,1,1,0,1,1,1
Treatment,FARSÁLI,54,4.2,36,0,0,0,0,0
Treatment,SUNDAY RILEY,85,3.9,23,1,1,1,1,1
Treatment,DRUNK ELEPHANT,23,4.0,36,1,1,1,1,1
Treatment,CAUDALIE,79,4.2,17,1,1,1,1,1
Treatment,KIEHL'S SINCE 1851,62,3.8,2,1,1,1,1,0
Treatment,CLARINS,89,4.1,49,1,1,1,1,1
Treatment,LA MER,345,3.9,90,1,1,1,1,1
Treatment,HERBIVORE,48,4.5,11,1,0,1,1,0
Treatment,ALGENIST,115,4.0,39,1,1,1,1,1
Treatment,PEACE OUT,19,4.3,1,1,1,1,1,1
Treatment,PETER THOMAS ROTH,95,4.3,29,1,1,1,1,1
Treatment,FIRST AID BEAUTY,30,4.3,20,1,1,1,1,1
Treatment,DR. DENNIS GROSS SKINCARE,88,4.1,30,1,1,1,0,1
Treatment,MURAD,69,3.8,40,1,1,1,1,0
Treatment,DRUNK ELEPHANT,36,4.5,36,1,1,1,1,0
Treatment,CAUDALIE,49,4.5,24,1,1,1,0,1
Treatment,CAUDALIE,42,4.4,18,1,1,1,1,1
Treatment,ESTÉE LAUDER,98,4.3,72,0,0,0,0,0
Treatment,LA MER,205,4.2,95,1,1,1,1,1
Treatment,DR. JART+,46,4.2,62,1,1,1,1,1
Treatment,KATE SOMERVILLE,26,4.3,10,1,1,1,1,0
Treatment,PETER THOMAS ROTH,82,4.6,31,1,1,1,1,0
Treatment,DIOR,95,4.3,1,1,1,1,1,1
Treatment,BIOEFFECT,160,5.0,7,1,1,1,1,1
Treatment,LA MER,150,4.4,61,1,1,1,1,1
Treatment,PETER THOMAS ROTH,40,4.4,30,1,0,1,1,0
Treatment,OLEHENRIKSEN,58,4.4,42,1,1,1,1,0
Treatment,ORIGINS,34,4.5,46,1,1,1,1,1
Treatment,BECCA,38,4.2,17,1,1,1,1,1
Treatment,GLAMGLOW,59,4.0,37,1,1,1,1,0
Treatment,FRESH,58,4.4,20,0,0,0,0,0
Treatment,PETER THOMAS ROTH,65,4.4,12,0,0,0,0,0
Treatment,BIOSSANCE,78,4.3,21,1,1,1,1,1
Treatment,PETER THOMAS ROTH,48,4.6,25,1,1,1,1,1
Treatment,SK-II,195,4.4,44,1,1,1,1,1
Treatment,KIEHL'S SINCE 1851,59,4.7,18,0,0,0,0,0
Treatment,CLINIQUE,60,4.0,62,1,1,1,1,1
Treatment,DIOR,100,4.6,1,1,1,1,0,0
Treatment,COVER FX,38,3.6,37,0,0,0,0,0
Treatment,SHISEIDO,132,3.4,49,1,1,1,1,0
Treatment,FRESH,48,4.3,39,0,0,0,0,0
Treatment,LA MER,245,4.6,87,1,1,1,1,1
Treatment,FRESH,75,3.9,45,1,1,1,1,1
Treatment,MOON JUICE,39,4.9,20,1,1,1,1,1
Treatment,ORIGINS,18,4.0,22,1,1,1,1,1
Treatment,MURAD,65,3.9,38,1,1,1,1,0
Treatment,NEOGEN DERMALOGY,27,4.7,29,1,1,1,1,1
Treatment,PRIVATE DOCTOR,49,4.8,37,1,1,1,1,0
Treatment,LANCÔME,116,4.2,31,1,1,1,1,1
Treatment,HERBIVORE,62,4.3,15,1,1,1,1,0
Treatment,MURAD,88,4.3,53,1,1,1,1,1
Treatment,CAUDALIE,52,4.1,22,1,1,1,1,1
Treatment,PETER THOMAS ROTH,45,4.6,43,0,0,0,0,0
Treatment,PERRICONE MD,69,4.5,25,1,1,1,1,1
Treatment,DR. DENNIS GROSS SKINCARE,88,4.3,58,0,0,0,0,1
Treatment,IT COSMETICS,28,3.9,74,1,1,1,1,1
Treatment,KATE SOMERVILLE,48,4.2,37,1,1,1,1,1
Treatment,PHILOSOPHY,72,4.7,28,0,0,0,0,0
Treatment,JOSIE MARAN,56,4.0,1,1,1,0,0,1
Treatment,SUNDAY RILEY,55,4.3,35,1,1,1,1,1
Treatment,CAUDALIE,150,4.1,10,1,1,1,1,1
Treatment,GUERLAIN,150,3.6,1,0,0,0,0,0
Treatment,HUM NUTRITION,25,4.0,14,0,0,0,0,0
Treatment,CLINIQUE,27,4.2,8,1,1,1,1,0
Treatment,DR. JART+,46,4.1,82,1,1,1,1,1
Treatment,TATCHA,95,3.8,32,0,0,0,0,0
Treatment,KORRES,75,3.9,30,1,1,1,1,1
Treatment,ALGENIST,98,4.8,46,1,1,1,0,0
Treatment,DIOR,128,5.0,1,1,1,1,1,1
Treatment,MURAD,22,4.1,25,1,0,0,1,0
Treatment,BIOEFFECT,290,5.0,9,1,1,1,1,1
Treatment,TATA HARPER,110,3.7,41,1,1,1,1,1
Treatment,DR. DENNIS GROSS SKINCARE,64,4.5,1,1,1,1,1,0
Treatment,CLINIQUE,80,3.1,67,1,1,1,1,1
Treatment,LANCER,275,5.0,43,1,1,1,0,0
Treatment,PERRICONE MD,149,4.1,37,1,1,1,1,1
Treatment,DIOR,95,4.9,1,1,0,1,0,0
Treatment,BECCA,48,4.4,51,0,0,0,0,0
Treatment,TATA HARPER,88,4.2,53,1,1,1,1,1
Treatment,CAUDALIE,82,4.3,28,1,1,1,1,1
Treatment,ALGENIST,70,4.1,38,1,1,1,1,1
Treatment,FIRST AID BEAUTY,58,4.3,35,1,1,1,1,1
Treatment,MURAD,68,5.0,146,1,1,1,1,0
Treatment,KATE SOMERVILLE,42,4.4,25,1,0,1,1,0
Treatment,LANCÔME,78,4.6,51,1,1,1,1,1
Treatment,PEACE OUT,19,4.2,3,1,1,1,1,1
Treatment,PETER THOMAS ROTH,65,4.2,33,1,1,1,1,1
Treatment,VOLITION BEAUTY,62,4.7,21,1,1,1,1,1
Treatment,MURAD,89,4.5,47,1,1,1,1,1
Treatment,MOON JUICE,58,4.5,18,1,1,1,1,1
Treatment,JACK BLACK,62,4.7,42,1,1,1,1,1
Treatment,CLARINS,81,3.7,35,1,1,1,1,0
Treatment,DR. BRANDT SKINCARE,89,3.4,45,1,1,1,1,0
Treatment,SHISEIDO,62,4.5,50,1,1,1,1,0
Treatment,DR. DENNIS GROSS SKINCARE,78,3.9,39,1,1,1,1,1
Treatment,J.ONE,42,3.9,56,1,1,1,1,1
Treatment,COVER FX,38,4.2,32,0,0,0,0,0
Treatment,YOUTH TO THE PEOPLE,62,3.9,29,1,1,1,1,1
Treatment,KATE SOMERVILLE,98,3.9,38,1,1,1,1,0
Treatment,ESTÉE LAUDER,86,4.0,57,0,0,0,0,0
Treatment,CLINIQUE,19,4.0,44,1,1,1,1,1
Treatment,PERRICONE MD,60,4.3,31,1,1,1,1,1
Treatment,PHILOSOPHY,39,4.5,9,0,0,0,0,0
Treatment,FOREO,149,3.9,1,1,1,1,1,1
Treatment,PERRICONE MD,100,4.1,24,1,1,1,1,1
Treatment,OLEHENRIKSEN,50,4.6,35,1,1,1,1,1
Treatment,LIGHTSTIM,169,4.0,1,1,1,1,1,1
Treatment,KORRES,75,4.8,36,1,1,1,1,1
Treatment,PETER THOMAS ROTH,35,4.3,1,1,1,1,1,1
Treatment,BECCA,38,3.6,9,1,0,0,1,0
Treatment,PHILOSOPHY,49,4.4,27,0,0,0,0,0
Treatment,REN CLEAN SKINCARE,48,3.8,1,1,1,1,1,1
Treatment,ORIGINS,60,3.9,59,1,1,1,1,0
Treatment,LANCER,275,5.0,57,1,1,1,0,0
Treatment,REN CLEAN SKINCARE,56,4.1,35,1,1,1,1,1
Treatment,ALGENIST,118,3.9,38,1,1,1,1,1
Treatment,KATE SOMERVILLE,75,4.2,16,0,0,0,0,0
Treatment,MILK MAKEUP,36,4.1,47,1,1,1,1,1
Treatment,IT COSMETICS,58,4.1,113,1,1,1,1,1
Treatment,MURAD,68,4.0,9,0,0,0,0,0
Treatment,AMOREPACIFIC,100,4.4,55,1,1,1,0,1
Treatment,PETER THOMAS ROTH,88,4.0,34,1,1,1,1,0
Treatment,COOLA,54,4.3,28,1,1,1,1,1
Treatment,CLARINS,59,4.6,1,1,1,1,1,1
Treatment,ORIGINS,41,4.4,62,0,0,0,0,0
Treatment,MURAD,44,4.7,16,1,1,1,1,0
Treatment,PETER THOMAS ROTH,30,3.6,15,1,1,1,1,1
Treatment,MURAD,29,3.3,1,1,0,0,1,0
Treatment,REN CLEAN SKINCARE,55,4.5,18,1,1,1,1,1
Treatment,DIOR,95,5.0,1,0,1,1,0,0
Treatment,CAUDALIE,39,3.8,27,1,0,1,1,1
Treatment,DIOR,95,4.4,1,0,1,1,0,0
Treatment,IT COSMETICS,38,3.6,86,1,1,1,1,1
Treatment,MURAD,44,4.3,46,1,0,1,1,1
Treatment,FIRST AID BEAUTY,40,4.6,42,1,1,1,1,1
Treatment,PETER THOMAS ROTH,47,4.6,16,1,0,1,1,0
Treatment,ESTÉE LAUDER,98,4.0,55,0,0,0,0,0
Treatment,PERRICONE MD,90,4.3,28,1,1,1,1,1
Treatment,DR. JART+,42,4.4,40,1,1,1,1,1
Treatment,AMOREPACIFIC,160,4.2,38,1,1,1,1,1
Treatment,DR. DENNIS GROSS SKINCARE,88,4.4,42,1,1,1,1,0
Treatment,OLEHENRIKSEN,45,4.0,10,1,1,1,1,1
Treatment,DR. DENNIS GROSS SKINCARE,68,4.4,44,0,0,0,0,0
Treatment,SHISEIDO,92,4.3,52,0,0,0,0,0
Treatment,KATE SOMERVILLE,55,4.0,32,1,1,1,1,1
Treatment,ALGENIST,42,4.4,40,1,1,1,1,1
Treatment,KATE SOMERVILLE,90,4.1,64,0,0,0,0,0
Treatment,PETER THOMAS ROTH,150,3.7,49,0,0,0,0,0
Treatment,PETER THOMAS ROTH,58,4.5,26,1,1,1,1,1
Treatment,MURAD,65,3.7,27,0,0,0,0,0
Treatment,ORIGINS,56,4.1,57,1,1,1,1,1
Treatment,CLINIQUE,50,4.1,41,0,0,0,0,0
Treatment,CLINIQUE,28,4.0,91,0,0,0,0,0
Treatment,PERRICONE MD,179,4.6,44,1,1,1,1,1
Treatment,DIOR,73,4.6,1,1,0,1,1,0
Treatment,TARTE,42,4.0,9,0,0,0,0,0
Treatment,MURAD,52,4.0,70,0,0,0,0,0
Treatment,PETER THOMAS ROTH,54,0.0,33,0,0,0,0,0
Treatment,SHISEIDO,98,3.9,43,0,0,0,0,0
Treatment,MURAD,40,4.1,35,0,0,0,0,0
Treatment,DR. DENNIS GROSS SKINCARE,59,5.0,1,1,1,1,1,1
Treatment,KIEHL'S SINCE 1851,60,4.3,26,1,1,1,1,1
Treatment,KIEHL'S SINCE 1851,18,4.4,26,1,0,0,1,0
Treatment,ORIGINS,59,3.7,55,1,1,1,1,1
Treatment,MURAD,50,4.1,42,1,0,0,1,0
Treatment,CAUDALIE,39,4.2,33,1,1,1,1,1
Treatment,KORRES,98,4.1,33,1,1,1,1,1
Treatment,PETER THOMAS ROTH,48,4.3,15,1,1,1,1,1
Treatment,BELIF,60,4.5,45,1,1,1,1,1
Treatment,MURAD,42,3.9,36,1,0,0,1,0
Treatment,BAREMINERALS,58,4.4,46,1,1,1,1,0
Treatment,DIOR,125,4.9,1,1,1,1,0,0
Treatment,KATE SOMERVILLE,58,4.6,48,1,0,1,0,0
Treatment,ORIGINS,61,4.4,32,0,0,0,0,0
Treatment,KATE SOMERVILLE,90,4.7,38,1,1,1,1,0
Treatment,FIRST AID BEAUTY,30,4.2,27,1,1,1,1,1
Treatment,LANCER,90,4.7,43,1,1,1,1,1
Treatment,BIOEFFECT,145,4.6,10,1,1,1,1,1
Treatment,MURAD,84,4.2,50,0,0,0,0,0
Treatment,DR. BRANDT SKINCARE,69,3.8,43,1,1,1,1,0
Treatment,SKIN INC SUPPLEMENT BAR,84,4.3,1,0,0,0,0,0
Treatment,DIOR,140,4.5,1,1,1,1,1,1
Treatment,DR. BRANDT SKINCARE,95,3.7,42,1,1,1,1,0
Treatment,FRESH,46,4.5,11,0,0,0,0,0
Treatment,REN CLEAN SKINCARE,69,4.2,9,0,0,0,0,0
Treatment,DR. BRANDT SKINCARE,75,3.9,26,1,1,1,1,0
Treatment,DERMADOCTOR,95,4.1,21,0,0,0,0,0
Treatment,CLARINS,58,4.3,16,0,0,0,0,0
Treatment,ALGENIST,45,3.6,28,0,0,0,0,0
Treatment,DERMADOCTOR,85,4.0,38,0,0,0,0,0
Treatment,ESTÉE LAUDER,75,5.0,88,1,1,1,1,0
Treatment,KATE SOMERVILLE,95,3.7,30,1,1,1,1,1
Treatment,KATE SOMERVILLE,98,4.1,49,1,1,1,1,1
Treatment,PERRICONE MD,99,4.4,31,0,0,0,0,0
Treatment,HUM NUTRITION,30,4.3,5,0,0,0,0,0
Treatment,SHISEIDO,300,4.3,55,1,1,1,1,1
Treatment,MURAD,90,4.2,53,0,0,0,0,0
Treatment,ALGENIST,82,4.4,12,1,1,1,1,1
Treatment,PETER THOMAS ROTH,48,3.7,23,0,0,0,0,0
Treatment,JACK BLACK,38,4.6,37,0,0,0,0,0
Treatment,DR. BRANDT SKINCARE,55,4.3,46,1,1,1,1,1
Treatment,PHILOSOPHY,76,4.0,1,1,1,1,1,1
Treatment,ERNO LASZLO,100,4.7,29,1,1,1,1,0
Treatment,KIEHL'S SINCE 1851,35,4.5,38,1,1,1,1,1
Treatment,REN CLEAN SKINCARE,42,4.5,1,1,1,1,1,1
Treatment,BEAUTYBIO,95,5.0,31,1,1,1,1,1
Treatment,MURAD,78,4.5,39,0,0,0,0,0
Treatment,PERRICONE MD,99,4.4,26,1,1,1,1,1
Treatment,DERMADOCTOR,78,4.8,31,1,1,1,1,0
Treatment,BELIF,42,4.3,33,0,0,0,0,0
Treatment,CLINIQUE,24,4.0,45,0,0,0,0,0
Treatment,BOSCIA,36,3.6,46,1,1,1,1,1
Treatment,MURAD,55,4.5,52,0,0,0,0,0
Treatment,ALGENIST,85,4.6,38,0,0,0,0,0
Treatment,DR. BRANDT SKINCARE,69,4.4,18,1,1,1,1,0
Treatment,ALGENIST,38,3.8,39,0,0,0,0,0
Treatment,FRESH,240,4.8,36,1,1,1,1,1
Treatment,KATE SOMERVILLE,54,4.2,36,0,0,0,0,0
Treatment,PERRICONE MD,69,4.5,1,0,0,0,0,0
Treatment,ALGENIST,98,4.2,46,0,0,0,0,0
Treatment,PETER THOMAS ROTH,150,4.2,55,0,0,0,0,0
Treatment,CLARINS,74,4.1,44,0,0,0,0,0
Treatment,BOSCIA,18,3.8,27,0,0,0,0,0
Treatment,FRESH,265,3.6,12,1,1,1,1,1
Treatment,CLINIQUE,56,3.8,45,0,0,0,0,0
Treatment,JACK BLACK,32,4.5,1,0,0,0,0,0
Treatment,SEPHORA COLLECTION,23,3.9,1,0,0,0,0,0
Treatment,DR. BRANDT SKINCARE,152,4.3,37,0,0,0,0,0
Treatment,OMOROVICZA,125,5.0,25,0,0,0,0,0
Treatment,CLINIQUE,18,3.6,32,0,0,0,0,0
Treatment,PERRICONE MD,99,4.1,1,0,0,0,0,0
Treatment,ALGENIST,96,4.3,51,1,1,1,1,1
Face Mask,PETER THOMAS ROTH,75,4.8,42,1,1,1,1,1
Face Mask,SK-II,135,4.4,7,1,1,1,1,1
Face Mask,DR. JART+,36,4.9,1,1,1,1,1,1
Face Mask,SEPHORA COLLECTION,25,5.0,130,1,1,1,1,1
Face Mask,SUMMER FRIDAYS,48,4.1,34,1,1,1,1,1
Face Mask,FARMACY,56,4.3,17,1,1,1,1,1
Face Mask,LANEIGE,20,4.6,61,0,0,0,0,0
Face Mask,FRESH,62,4.2,28,0,0,0,0,0
Face Mask,KIEHL'S SINCE 1851,33,4.7,19,0,0,0,0,0
Face Mask,FRESH,92,4.3,40,0,0,0,0,0
Face Mask,SUMMER FRIDAYS,44,4.5,4,1,1,1,1,0
Face Mask,SEPHORA COLLECTION,6,4.3,19,1,1,1,1,1
Face Mask,ORIGINS,28,4.1,166,1,1,1,1,0
Face Mask,LA MER,250,4.9,103,0,0,0,0,0
Face Mask,SAND & SKY,49,4.7,21,1,1,1,1,0
Face Mask,DR. JART+,7,4.2,18,1,1,1,1,1
Face Mask,ORIGINS,28,4.3,22,1,1,1,1,1
Face Mask,ORIGINS,28,4.6,54,0,0,0,0,0
Face Mask,PETER THOMAS ROTH,75,4.1,29,1,1,1,1,1
Face Mask,TATCHA,68,4.1,1,1,1,1,1,1
Face Mask,BOSCIA,34,3.9,23,1,1,1,1,1
Face Mask,SEPHORA COLLECTION,18,5.0,126,1,1,1,1,0
Face Mask,ESTÉE LAUDER,80,4.0,42,0,0,0,0,0
Face Mask,KORA ORGANICS,48,4.6,1,1,1,1,1,1
Face Mask,PETER THOMAS ROTH,58,4.7,26,1,1,1,1,0
Face Mask,SK-II,105,3.8,24,1,1,1,1,1
Face Mask,GLOW RECIPE,22,3.7,23,1,1,1,1,1
Face Mask,DR. JART+,12,4.1,44,1,1,1,1,1
Face Mask,FRESH,62,4.5,43,0,0,0,0,0
Face Mask,FRESH,35,4.0,53,1,1,1,0,0
Face Mask,ORIGINS,28,4.7,42,1,0,1,1,0
Face Mask,ORIGINS,28,4.8,1,1,1,1,1,0
Face Mask,FARMACY,38,4.6,75,1,1,1,1,1
Face Mask,REN CLEAN SKINCARE,56,4.4,1,1,1,1,1,0
Face Mask,KIEHL'S SINCE 1851,45,4.0,29,1,1,1,1,1
Face Mask,ORIGINS,28,4.4,18,0,0,0,0,0
Face Mask,KIEHL'S SINCE 1851,39,4.5,32,1,1,1,1,1
Face Mask,GLAMGLOW,169,0.0,123,1,1,1,1,1
Face Mask,ORIGINS,34,4.7,1,1,1,1,1,0
Face Mask,SEPHORA COLLECTION,5,4.1,23,0,0,0,0,0
Face Mask,FRESH,62,3.9,35,1,1,1,1,1
Face Mask,SHISEIDO,70,4.4,1,0,0,0,0,0
Face Mask,SEPHORA COLLECTION,5,3.7,29,0,0,0,0,0
Face Mask,SK-II,170,4.5,15,1,1,1,1,1
Face Mask,LA MER,250,4.4,96,0,0,0,0,0
Face Mask,SEPHORA COLLECTION,6,4.4,20,0,0,0,0,0
Face Mask,EVE LOM,85,3.9,15,1,1,1,1,1
Face Mask,FRESH,35,4.7,40,0,0,0,0,0
Face Mask,OLEHENRIKSEN,36,4.6,31,1,1,1,1,1
Face Mask,CAUDALIE,39,4.4,33,1,1,1,1,1
Face Mask,FRESH,150,4.2,26,1,1,1,1,1
Face Mask,DR. JART+,7,4.6,18,1,1,1,1,1
Face Mask,TATCHA,12,4.3,25,1,1,1,0,1
Face Mask,ERNO LASZLO,88,4.3,14,1,1,1,1,0
Face Mask,DR. JART+,6,4.6,36,1,1,1,1,1
Face Mask,SEPHORA COLLECTION,6,4.6,23,0,0,0,0,0
Face Mask,LANCÔME,15,4.5,42,1,1,1,1,1
Face Mask,PHILOSOPHY,35,4.5,27,1,1,1,1,1
Face Mask,TOO COOL FOR SCHOOL,24,4.3,36,1,1,1,0,1
Face Mask,FARMACY,6,4.5,46,1,1,1,1,1
Face Mask,SEPHORA COLLECTION,8,4.3,35,1,1,1,1,1
Face Mask,ESTÉE LAUDER,72,4.4,51,0,0,0,0,0
Face Mask,SEPHORA COLLECTION,6,4.3,23,0,0,0,0,0
Face Mask,SEPHORA COLLECTION,20,4.5,16,0,0,0,0,0
Face Mask,SHISEIDO,65,4.4,1,0,0,0,0,0
Face Mask,FIRST AID BEAUTY,24,4.4,32,1,1,1,1,1
Face Mask,REN CLEAN SKINCARE,38,4.5,1,0,0,0,0,1
Face Mask,GLOW RECIPE,8,3.6,20,1,1,1,1,0
Face Mask,SEPHORA COLLECTION,18,4.0,91,1,1,1,1,1
Face Mask,TATCHA,95,4.5,21,1,1,1,1,1
Face Mask,GLAMGLOW,59,3.9,5,1,1,1,1,0
Face Mask,DR. JART+,12,4.1,42,1,1,1,1,1
Face Mask,SEPHORA COLLECTION,6,4.5,26,0,0,0,0,0
Face Mask,LANEIGE,39,4.3,35,1,1,1,1,1
Face Mask,SEPHORA COLLECTION,6,2.6,20,1,1,1,1,0
Face Mask,KIEHL'S SINCE 1851,54,4.4,42,1,1,1,1,1
Face Mask,DR. BRANDT SKINCARE,52,4.6,35,1,1,1,1,1
Face Mask,SATURDAY SKIN,6,4.6,34,1,1,1,1,1
Face Mask,SEPHORA COLLECTION,6,4.7,1,1,1,1,1,1
Face Mask,GLAMGLOW,59,4.3,42,1,1,1,1,0
Face Mask,BOSCIA,34,3.5,24,1,0,1,1,1
Face Mask,KORRES,46,4.4,44,1,1,1,1,1
Face Mask,PETER THOMAS ROTH,58,4.4,23,1,1,1,1,1
Face Mask,SEPHORA COLLECTION,6,4.7,18,1,1,1,1,1
Face Mask,TATA HARPER,68,3.9,49,1,1,1,1,1
Face Mask,DR. JART+,12,4.0,44,1,1,1,0,1
Face Mask,DR. JART+,12,4.3,36,1,1,1,1,1
Face Mask,FIRST AID BEAUTY,38,4.3,44,1,1,1,1,1
Face Mask,DR. JART+,48,4.3,63,1,1,1,1,1
Face Mask,AMOREPACIFIC,60,4.3,60,1,1,1,0,1
Face Mask,SEPHORA COLLECTION,6,4.7,22,1,1,1,1,1
Face Mask,FARMACY,6,4.5,43,1,1,1,1,1
Face Mask,SEPHORA COLLECTION,6,3.5,26,1,1,1,1,1
Face Mask,CLINIQUE,17,4.6,23,0,0,0,0,0
Face Mask,BOSCIA,38,4.4,45,1,1,1,1,1
Face Mask,FRESH,82,4.0,33,1,1,1,1,1
Face Mask,SEPHORA COLLECTION,6,4.1,26,1,0,1,1,0
Face Mask,ERNO LASZLO,95,4.7,1,0,0,0,0,0
Face Mask,HERBIVORE,48,4.2,11,1,1,1,0,1
Face Mask,TATA HARPER,68,4.4,1,1,1,1,1,0
Face Mask,YOUTH TO THE PEOPLE,44,4.4,28,1,1,1,1,1
Face Mask,DR. JART+,48,4.4,63,1,1,1,1,1
Face Mask,INDIE LEE,60,4.4,17,1,1,1,1,0
Face Mask,DIOR,69,4.4,1,0,0,0,0,0
Face Mask,SEPHORA COLLECTION,4,4.3,18,0,0,0,0,0
Face Mask,LANEIGE,25,4.7,24,1,1,1,1,1
Face Mask,GLAMGLOW,42,4.1,39,1,1,1,1,1
Face Mask,SEPHORA COLLECTION,6,4.8,18,1,1,1,1,0
Face Mask,SEPHORA COLLECTION,4,4.0,21,0,0,0,0,0
Face Mask,FRESH,40,4.2,3,0,0,0,0,0
Face Mask,DR. JART+,12,4.2,35,1,1,1,1,1
Face Mask,ESTÉE LAUDER,72,4.6,33,0,0,0,0,0
Face Mask,DR. JART+,6,4.1,42,1,1,1,1,1
Face Mask,LA MER,150,4.1,72,1,1,1,1,1
Face Mask,FOREO,9,4.7,1,1,1,1,1,1
Face Mask,DR. JART+,6,4.6,43,1,1,1,0,1
Face Mask,DIOR,69,4.3,6,1,0,1,0,0
Face Mask,BOSCIA,38,4.5,32,1,1,1,1,1
Face Mask,EVE LOM,90,3.8,29,1,1,1,1,1
Face Mask,PETER THOMAS ROTH,52,4.1,31,1,1,1,1,1
Face Mask,KORRES,34,4.4,32,1,0,1,1,0
Face Mask,ESTÉE LAUDER,46,3.3,41,1,1,1,1,0
Face Mask,CAUDALIE,39,4.3,32,1,1,1,0,1
Face Mask,DR. JART+,9,4.4,29,1,1,1,1,1
Face Mask,ORIGINS,63,4.5,62,0,0,0,0,0
Face Mask,SEPHORA COLLECTION,6,4.3,22,1,1,1,1,1
Face Mask,SEPHORA COLLECTION,6,5.0,19,1,1,1,1,1
Face Mask,FOREO,9,5.0,1,1,1,1,1,1
Face Mask,CHARLOTTE TILBURY,55,4.3,30,1,1,1,1,1
Face Mask,TATA HARPER,62,4.3,21,1,1,1,1,1
Face Mask,LA MER,75,5.0,106,0,0,0,0,0
Face Mask,VOLITION BEAUTY,60,4.7,23,1,1,1,1,1
Face Mask,ORIGINS,40,4.5,68,1,1,1,1,1
Face Mask,DR. BRANDT SKINCARE,70,4.5,31,1,1,1,1,0
Face Mask,SEPHORA COLLECTION,6,4.6,29,1,1,1,1,1
Face Mask,DR. JART+,7,3.8,24,1,1,1,1,1
Face Mask,OMOROVICZA,120,4.3,23,1,1,1,1,0
Face Mask,ORIGINS,59,3.8,59,0,0,0,0,0
Face Mask,J.ONE,44,4.8,2,1,1,1,1,1
Face Mask,SEPHORA COLLECTION,4,5.0,20,1,1,1,1,1
Face Mask,SEPHORA COLLECTION,6,4.7,27,0,0,0,0,0
Face Mask,DR. JART+,7,3.9,25,1,1,1,1,1
Face Mask,SEPHORA COLLECTION,3,2.8,19,0,0,0,0,0
Face Mask,DR. JART+,12,4.6,32,1,1,1,1,1
Face Mask,DR. DENNIS GROSS SKINCARE,42,4.3,1,0,0,0,0,0
Face Mask,PERRICONE MD,69,4.5,1,0,0,0,0,0
Face Mask,BELIF,36,4.4,41,1,1,1,1,1
Face Mask,SEPHORA COLLECTION,4,5.0,15,1,1,1,1,1
Face Mask,PETER THOMAS ROTH,80,3.4,17,1,1,1,1,1
Face Mask,SEPHORA COLLECTION,3,3.0,28,0,0,0,0,0
Face Mask,CLARINS,60,4.9,34,1,1,1,1,1
Face Mask,PERRICONE MD,69,4.3,51,1,1,1,0,1
Face Mask,DR. JART+,12,4.3,42,1,1,1,1,1
Face Mask,SEPHORA COLLECTION,6,4.2,23,0,0,0,0,0
Face Mask,DR. JART+,12,4.0,31,1,1,1,1,1
Face Mask,DR. JART+,9,3.9,51,1,1,1,1,1
Face Mask,SATURDAY SKIN,6,4.3,34,1,1,1,1,1
Face Mask,BLITHE,45,4.6,20,1,0,1,1,0
Face Mask,DR. BRANDT SKINCARE,42,4.1,28,1,0,0,1,0
Face Mask,CLARINS,76,4.9,27,1,1,1,1,1
Face Mask,SEPHORA COLLECTION,3,3.2,19,0,0,0,0,0
Face Mask,GLAMGLOW,9,5.0,31,1,1,1,1,0
Face Mask,SEPHORA COLLECTION,20,3.7,24,0,0,0,0,0
Face Mask,OMOROVICZA,125,5.0,29,1,0,1,1,0
Face Mask,ALGENIST,55,4.5,33,0,0,0,0,0
Face Mask,SEPHORA COLLECTION,20,4.8,22,0,0,0,0,0
Face Mask,OLEHENRIKSEN,32,4.2,33,1,1,1,1,1
Face Mask,DR. DENNIS GROSS SKINCARE,48,4.1,4,1,1,1,0,0
Face Mask,FIRST AID BEAUTY,30,4.0,21,1,1,1,1,1
Face Mask,REN CLEAN SKINCARE,48,3.9,19,0,0,0,0,0
Face Mask,LANEIGE,6,4.8,24,1,1,1,1,1
Face Mask,KIEHL'S SINCE 1851,39,4.1,36,1,1,1,1,1
Face Mask,AMOREPACIFIC,170,5.0,24,1,1,1,1,0
Face Mask,DR. JART+,12,4.3,30,1,1,1,1,1
Face Mask,BOBBI BROWN,51,4.6,57,0,0,0,0,0
Face Mask,CLINIQUE,28,4.4,27,0,0,0,0,0
Face Mask,FOREO,19,5.0,1,1,1,1,1,1
Face Mask,DR. BRANDT SKINCARE,75,4.0,80,1,1,1,1,1
Face Mask,PETER THOMAS ROTH,58,4.0,42,1,1,1,1,1
Face Mask,FIRST AID BEAUTY,32,4.4,39,1,1,1,1,1
Face Mask,AMOREPACIFIC,32,3.8,47,0,0,0,0,0
Face Mask,DIOR,75,3.8,1,1,1,1,1,1
Face Mask,MURAD,38,4.1,43,1,0,1,1,0
Face Mask,TOO COOL FOR SCHOOL,20,4.3,1,1,1,1,1,1
Face Mask,CLINIQUE,25,4.5,23,0,0,0,0,0
Face Mask,SEPHORA COLLECTION,6,4.5,23,0,0,0,0,0
Face Mask,ESTÉE LAUDER,47,4.6,35,0,0,0,0,0
Face Mask,LANCÔME,48,4.6,1,1,1,1,1,1
Face Mask,OMOROVICZA,125,4.5,9,1,1,1,1,0
Face Mask,FOREO,19,0.0,1,1,1,1,1,1
Face Mask,DR ROEBUCK’S,28,5.0,38,1,1,1,1,1
Face Mask,BOSCIA,8,4.2,25,1,1,1,1,1
Face Mask,TOO COOL FOR SCHOOL,8,3.6,1,1,1,1,1,1
Face Mask,SKIN INC SUPPLEMENT BAR,65,3.8,29,1,1,1,1,1
Face Mask,TARTE,40,4.1,22,1,1,1,1,1
Face Mask,DR. JART+,35,3.3,21,1,1,1,1,1
Face Mask,FOREO,19,2.8,1,1,1,1,1,1
Face Mask,DIOR,69,4.6,1,1,1,1,0,0
Face Mask,DR. JART+,9,4.0,35,1,1,1,1,1
Face Mask,DR. JART+,9,3.9,22,1,1,1,1,1
Face Mask,BLITHE,45,4.2,20,1,1,1,0,1
Face Mask,LANCÔME,35,4.1,37,1,1,1,1,1
Face Mask,FOREO,19,1.0,1,1,1,1,1,1
Face Mask,DR. JART+,12,3.8,36,1,1,1,1,1
Face Mask,DIOR,69,4.2,1,1,0,1,1,0
Face Mask,DR. JART+,9,3.3,22,1,1,1,1,1
Face Mask,BOSCIA,8,4.1,36,1,1,1,1,1
Face Mask,BOSCIA,18,4.1,95,1,1,1,1,1
Face Mask,PHILOSOPHY,37,4.8,1,1,1,1,1,1
Face Mask,ERBORIAN,43,4.3,27,0,0,0,0,0
Face Mask,ORIGINS,36,3.8,37,1,1,1,1,0
Face Mask,DR. JART+,7,3.4,41,1,1,1,1,1
Face Mask,MURAD,38,4.3,39,1,0,0,1,0
Face Mask,SEPHORA COLLECTION,5,4.3,35,1,1,1,1,1
Face Mask,JOSIE MARAN,48,3.8,205,1,1,1,1,1
Face Mask,KATE SOMERVILLE,56,4.0,28,1,1,1,1,0
Face Mask,ALGENIST,62,0.0,45,0,0,0,0,0
Face Mask,BOSCIA,38,3.4,35,1,1,1,0,1
Face Mask,LA MER,170,4.9,84,0,0,0,0,0
Face Mask,SKIN INC SUPPLEMENT BAR,75,4.5,11,1,1,1,1,1
Face Mask,PETER THOMAS ROTH,52,4.2,29,1,1,1,1,1
Face Mask,BOSCIA,8,4.3,28,1,1,1,1,1
Face Mask,TOO COOL FOR SCHOOL,6,4.2,31,1,1,1,0,1
Face Mask,TOO COOL FOR SCHOOL,6,3.7,25,1,0,0,1,0
Face Mask,TOO COOL FOR SCHOOL,6,4.5,38,1,1,1,1,1
Face Mask,BELIF,34,3.9,31,0,0,0,0,0
Face Mask,SKIN LAUNDRY,58,4.2,23,1,1,1,1,1
Face Mask,DERMADOCTOR,48,4.1,32,0,0,0,0,0
Face Mask,KATE SOMERVILLE,75,4.3,62,0,0,0,0,0
Face Mask,SEPHORA COLLECTION,19,4.6,23,0,0,0,0,0
Face Mask,ORIGINS,27,3.8,45,1,1,1,1,0
Face Mask,SKIN LAUNDRY,48,4.2,23,1,1,1,1,1
Face Mask,REN CLEAN SKINCARE,38,4.0,13,0,0,0,0,0
Face Mask,LANCER,140,4.0,44,1,1,1,0,1
Face Mask,BELIF,36,4.3,33,0,1,1,0,1
Face Mask,ORIGINS,28,3.0,29,1,0,1,1,0
Face Mask,SEPHORA COLLECTION,3,2.9,26,1,1,1,1,1
Face Mask,SEPHORA COLLECTION,20,3.6,20,1,1,1,1,0
Face Mask,LANCÔME,39,5.0,1,1,1,1,1,1
Face Mask,LANEIGE,6,4.1,23,1,1,1,1,1
Face Mask,ORIGINS,7,4.3,27,1,1,1,1,1
Face Mask,LANCER,250,4.3,24,1,1,1,1,1
Face Mask,ANTHONY,24,4.4,39,0,0,0,0,0
Face Mask,ALGENIST,48,3.6,40,1,1,1,1,1
Face Mask,ORIGINS,7,3.8,30,1,1,1,1,1
Face Mask,BOBBI BROWN,51,4.4,22,0,0,0,0,0
Face Mask,CLARINS,34,3.8,37,1,1,1,0,0
Face Mask,ORIGINS,7,4.6,33,1,1,1,1,1
Face Mask,LANCER,120,3.9,20,1,1,1,1,1
Face Mask,CLINIQUE,24,4.0,28,1,1,1,1,0
Face Mask,DERMADOCTOR,58,4.6,42,0,0,0,0,0
Face Mask,BOBBI BROWN,51,4.4,27,0,0,0,0,0
Face Mask,SEPHORA COLLECTION,6,4.2,42,1,1,1,1,1
Face Mask,EVE LOM,160,2.7,27,1,1,1,1,1
Face Mask,ORIGINS,7,3.6,35,1,1,1,1,1
Face Mask,TOO COOL FOR SCHOOL,20,3.5,27,0,0,0,0,0
Face Mask,ST. TROPEZ TANNING ESSENTIALS,9,3.8,22,1,1,1,1,1
Face Mask,NATURALLY SERIOUS,42,4.5,42,1,1,1,1,1
Face Mask,EVE LOM,90,0.0,30,1,1,1,1,0
Face Mask,ERNO LASZLO,88,4.2,29,1,1,1,1,1
Face Mask,DR ROEBUCK’S,28,3.7,26,1,1,1,1,1
Face Mask,PERRICONE MD,50,4.4,29,1,1,1,0,1
Face Mask,ORIGINS,30,3.9,35,1,0,1,1,0
Face Mask,ORIGINS,7,3.8,30,1,1,1,1,1
Face Mask,SKIN LAUNDRY,60,2.7,23,1,1,1,1,1
Face Mask,CLINIQUE,46,4.5,43,0,0,0,0,0
Eye cream,LA MER,215,3.6,75,0,0,0,0,0
Eye cream,DRUNK ELEPHANT,64,0.0,78,1,1,1,1,1
Eye cream,SHISEIDO,60,4.3,40,1,1,1,1,1
Eye cream,KIEHL'S SINCE 1851,29,4.3,30,1,1,1,1,1
Eye cream,OLEHENRIKSEN,38,4.2,59,1,1,1,1,1
Eye cream,ESTÉE LAUDER,62,4.4,50,1,1,1,1,0
Eye cream,FRESH,68,4.0,53,1,1,1,1,1
Eye cream,BELIF,48,4.6,58,1,1,1,1,1
Eye cream,LA MER,215,4.1,76,0,0,0,0,0
Eye cream,ORIGINS,32,4.0,51,1,1,1,1,1
Eye cream,TATCHA,48,4.0,10,1,1,1,1,1
Eye cream,SHISEIDO,65,4.4,30,1,1,1,1,0
Eye cream,DRUNK ELEPHANT,60,3.9,45,1,1,1,1,1
Eye cream,CLINIQUE,32,4.2,58,1,1,1,1,1
Eye cream,SATURDAY SKIN,46,4.5,50,1,1,1,1,1
Eye cream,IT COSMETICS,48,3.7,93,1,1,1,1,1
Eye cream,SK-II,135,4.3,61,1,1,1,1,1
Eye cream,DR. DENNIS GROSS SKINCARE,69,3.8,36,1,1,1,1,1
Eye cream,BIOSSANCE,54,3.8,28,1,1,1,1,1
Eye cream,LANCÔME,69,3.6,28,1,1,1,1,1
Eye cream,PETER THOMAS ROTH,52,4.4,62,1,1,1,1,1
Eye cream,ALGENIST,68,4.0,51,1,1,1,1,1
Eye cream,KIEHL'S SINCE 1851,37,3.9,45,1,1,1,1,1
Eye cream,WANDER BEAUTY,25,4.3,46,1,1,1,1,1
Eye cream,LANEIGE,34,4.0,27,1,1,1,1,1
Eye cream,CLARINS,85,4.2,37,1,1,1,1,1
Eye cream,FRESH,41,4.2,39,0,0,0,0,0
Eye cream,LA MER,255,3.5,57,0,0,0,0,0
Eye cream,SEPHORA COLLECTION,5,4.2,23,0,0,0,0,0
Eye cream,CLINIQUE,32,4.1,35,1,1,1,1,1
Eye cream,LANCÔME,67,4.1,57,1,1,1,1,1
Eye cream,ESTÉE LAUDER,69,3.2,55,1,1,1,1,0
Eye cream,SHISEIDO,67,3.8,34,1,1,1,1,1
Eye cream,LANEIGE,36,4.2,38,1,1,1,1,1
Eye cream,FIRST AID BEAUTY,36,4.1,42,1,1,1,1,1
Eye cream,WANDER BEAUTY,25,4.6,46,1,1,1,1,0
Eye cream,SHISEIDO,150,3.9,62,1,1,1,1,1
Eye cream,CAUDALIE,62,4.0,26,1,1,1,1,1
Eye cream,TATCHA,85,4.0,45,0,0,0,0,0
Eye cream,PETER THOMAS ROTH,48,4.1,33,1,1,1,1,1
Eye cream,CAUDALIE,39,3.7,34,1,1,1,1,1
Eye cream,PETER THOMAS ROTH,65,4.2,65,0,0,0,0,0
Eye cream,TATA HARPER,98,4.0,45,1,1,1,1,1
Eye cream,PETER THOMAS ROTH,65,4.4,43,1,1,1,1,1
Eye cream,CLINIQUE,26,3.7,44,1,1,1,1,1
Eye cream,LANCÔME,75,3.9,68,1,1,1,1,1
Eye cream,KORA ORGANICS,38,4.1,19,1,1,1,1,1
Eye cream,ESTÉE LAUDER,66,3.5,54,1,1,1,1,1
Eye cream,AMOREPACIFIC,85,4.3,51,1,1,1,1,1
Eye cream,MURAD,80,4.1,55,0,0,0,0,0
Eye cream,PEACE OUT,25,4.6,24,1,1,1,1,1
Eye cream,TARTE,38,4.0,51,1,1,1,1,1
Eye cream,BOBBI BROWN,77,4.2,50,1,1,1,1,1
Eye cream,DR. BRANDT SKINCARE,42,3.8,42,1,1,1,1,1
Eye cream,FRESH,125,4.3,22,0,0,0,0,0
Eye cream,ORIGINS,41,4.1,44,0,0,0,0,0
Eye cream,YOUTH TO THE PEOPLE,35,4.0,29,1,1,1,1,1
Eye cream,BOBBI BROWN,54,4.1,32,0,0,0,0,0
Eye cream,SUNDAY RILEY,65,3.3,43,1,1,1,1,1
Eye cream,SHISEIDO,72,3.9,53,1,1,1,1,1
Eye cream,MURAD,85,4.2,38,1,1,1,1,1
Eye cream,FIRST AID BEAUTY,36,4.0,41,1,1,1,1,1
Eye cream,OLEHENRIKSEN,42,3.9,1,1,1,1,1,1
Eye cream,KIEHL'S SINCE 1851,43,3.9,32,1,1,1,1,1
Eye cream,FARMACY,38,4.1,53,1,1,1,0,1
Eye cream,KORRES,65,4.2,36,1,1,1,1,1
Eye cream,SHISEIDO,60,3.6,1,0,0,0,0,0
Eye cream,PERRICONE MD,72,4.4,1,1,1,1,1,1
Eye cream,EDIBLE BEAUTY,61,4.5,18,1,1,1,1,1
Eye cream,SEPHORA COLLECTION,5,3.0,1,0,0,0,0,0
Eye cream,CLINIQUE,45,3.9,62,0,0,0,0,0
Eye cream,FRESH,48,3.8,29,1,1,1,0,0
Eye cream,CAUDALIE,99,3.3,1,1,1,1,1,1
Eye cream,LANCER,95,4.4,44,1,1,1,1,1
Eye cream,FRESH,165,5.0,38,1,1,1,1,1
Eye cream,DIOR,72,4.5,1,1,0,1,0,0
Eye cream,CLARINS,64,4.0,34,0,0,0,0,0
Eye cream,BELIF,58,4.3,54,1,1,1,0,0
Eye cream,CLINIQUE,32,3.8,34,0,0,0,0,0
Eye cream,AMOREPACIFIC,95,3.9,33,1,1,1,1,1
Eye cream,PHILOSOPHY,68,3.8,1,1,1,1,1,1
Eye cream,BEAUTYBIO,25,4.3,23,0,0,0,0,0
Eye cream,FIRST AID BEAUTY,32,3.9,36,1,1,1,1,1
Eye cream,KATE SOMERVILLE,85,3.7,43,1,1,1,1,0
Eye cream,FRESH,45,3.5,44,0,0,0,0,0
Eye cream,TARTE,22,4.2,21,1,1,1,1,1
Eye cream,PERRICONE MD,122,4.3,27,0,1,0,0,0
Eye cream,ORIGINS,48,4.1,1,0,0,0,0,0
Eye cream,AMOREPACIFIC,260,5.0,61,1,1,1,1,0
Eye cream,LANCÔME,110,3.7,1,0,0,0,0,0
Eye cream,ORIGINS,49,3.8,53,0,0,0,0,0
Eye cream,PERRICONE MD,110,4.0,34,1,1,1,1,1
Eye cream,ERNO LASZLO,48,5.0,22,1,1,1,1,0
Eye cream,CLINIQUE,45,4.2,1,0,0,0,0,0
Eye cream,DR. DENNIS GROSS SKINCARE,69,3.4,61,1,1,1,1,1
Eye cream,FIRST AID BEAUTY,38,3.7,40,1,1,1,1,1
Eye cream,DR. DENNIS GROSS SKINCARE,159,3.9,1,1,1,1,1,1
Eye cream,ERNO LASZLO,35,4.5,22,1,1,1,1,1
Eye cream,GUERLAIN,200,3.0,1,1,1,1,1,1
Eye cream,PERRICONE MD,122,4.6,34,0,1,0,0,0
Eye cream,ESTÉE LAUDER,64,3.5,81,0,0,0,0,0
Eye cream,SHISEIDO,34,4.4,1,0,0,0,0,0
Eye cream,DR. DENNIS GROSS SKINCARE,48,3.9,36,1,1,1,1,1
Eye cream,ALGENIST,74,3.7,44,0,0,0,0,0
Eye cream,SHISEIDO,40,3.8,42,0,0,0,0,0
Eye cream,KIEHL'S SINCE 1851,39,2.8,34,1,1,1,1,1
Eye cream,DR ROEBUCK’S,38,4.0,23,1,1,1,1,1
Eye cream,DIOR,105,3.5,1,0,0,0,0,0
Eye cream,SHISEIDO,68,4.0,61,0,0,0,0,0
Eye cream,PETER THOMAS ROTH,38,3.6,35,0,0,0,0,0
Eye cream,LANCÔME,65,3.9,42,1,1,1,1,1
Eye cream,FOREO,139,3.5,1,0,0,0,0,0
Eye cream,L'OCCITANE,79,3.7,36,0,0,0,0,0
Eye cream,DR. DENNIS GROSS SKINCARE,65,3.5,67,1,1,1,1,1
Eye cream,DR. BRANDT SKINCARE,55,3.5,30,1,1,1,1,0
Eye cream,PETER THOMAS ROTH,100,3.8,38,0,0,0,0,0
Eye cream,MURAD,69,4.0,42,0,0,0,0,0
Eye cream,L'OCCITANE,44,4.1,1,0,0,0,0,0
Eye cream,PHILOSOPHY,70,4.0,79,0,0,0,0,0
Eye cream,PERRICONE MD,72,4.3,31,1,1,1,1,1
Eye cream,KIEHL'S SINCE 1851,48,3.8,22,0,0,0,0,0
Eye cream,CLINIQUE,50,3.7,62,0,0,0,0,0
Eye cream,KATE SOMERVILLE,38,3.9,20,1,1,1,1,1
Eye cream,CLINIQUE,42,3.3,48,0,0,0,0,0
Eye cream,CHARLOTTE TILBURY,60,3.9,58,1,1,1,1,1
Eye cream,BOSCIA,38,4.2,29,0,0,0,0,0
Eye cream,PERRICONE MD,170,5.0,47,1,1,1,1,0
Eye cream,PHILOSOPHY,38,4.2,32,0,0,0,0,0
Eye cream,REN CLEAN SKINCARE,42,3.6,26,0,0,0,0,0
Eye cream,ANTHONY,38,4.3,58,0,0,0,0,0
Eye cream,HUM NUTRITION,25,3.8,6,0,0,0,0,0
Eye cream,PETER THOMAS ROTH,100,3.3,33,0,0,0,0,0
Eye cream,KORRES,56,4.0,49,1,1,1,1,1
Eye cream,BOSCIA,26,3.6,42,0,0,0,0,0
Eye cream,BEAUTYBIO,35,0.0,1,0,0,0,0,0
Eye cream,KIEHL'S SINCE 1851,22,4.0,1,1,1,1,1,1
Eye cream,PERRICONE MD,35,3.8,1,1,1,1,1,1
Eye cream,MURAD,68,4.2,52,1,1,1,1,1
Eye cream,INDIE LEE,48,3.8,30,1,1,1,1,1
Eye cream,FIRST AID BEAUTY,26,3.4,25,1,1,1,1,1
Eye cream,KATE SOMERVILLE,60,3.0,28,1,1,1,1,0
Eye cream,CLARINS,41,3.8,23,0,0,0,0,0
Eye cream,ORIGINS,29,3.4,27,0,0,0,0,0
Eye cream,VOLITION BEAUTY,52,3.9,13,1,1,1,1,0
Eye cream,PETER THOMAS ROTH,55,3.7,57,1,1,1,1,1
Eye cream,ESTÉE LAUDER,65,3.3,63,0,0,0,0,0
Eye cream,PHILOSOPHY,68,3.9,48,1,1,1,1,1
Eye cream,KATE SOMERVILLE,125,3.9,48,0,0,0,0,0
Eye cream,DERMADOCTOR,50,4.1,49,0,0,0,0,0
Eye cream,REN CLEAN SKINCARE,45,3.7,18,1,1,1,1,1
Eye cream,PHILOSOPHY,24,3.3,58,1,1,1,1,1
Eye cream,PERRICONE MD,75,3.5,53,1,1,1,1,1
Eye cream,BAREMINERALS,32,4.2,43,1,1,1,1,1
Eye cream,DIOR,55,3.8,3,0,1,1,0,1
Eye cream,LANCÔME,39,3.5,44,1,1,1,1,1
Eye cream,SHISEIDO,76,4.0,1,0,0,0,0,0
Eye cream,TATCHA,12,3.7,28,0,0,0,0,0
Eye cream,ORIGINS,41,4.0,59,1,1,1,1,1
Eye cream,CLARINS,65,3.4,40,1,1,1,1,1
Eye cream,SHISEIDO,42,0.0,51,1,1,1,1,1
Eye cream,DIOR,110,4.1,1,0,0,0,0,0
Eye cream,BEAUTYBIO,40,5.0,23,1,1,1,1,1
Eye cream,PHILOSOPHY,51,3.7,41,0,0,0,0,0
Eye cream,KATE SOMERVILLE,75,3.6,63,0,0,0,0,0
Eye cream,CLARINS,45,3.4,1,1,1,1,1,1
Eye cream,SUPERGOOP!,32,3.8,40,1,1,1,1,1
Eye cream,FIRST AID BEAUTY,24,3.7,24,1,1,1,1,1
Eye cream,KIEHL'S SINCE 1851,44,3.1,2,1,1,1,1,0
Eye cream,PETER THOMAS ROTH,75,4.0,42,1,1,1,1,0
Eye cream,DR. JART+,42,3.7,72,1,1,1,1,1
Eye cream,TATA HARPER,105,3.0,53,1,1,1,1,1
Eye cream,SK-II,195,3.0,48,0,1,1,0,1
Eye cream,ALGENIST,75,4.3,54,1,1,1,1,1
Eye cream,KIEHL'S SINCE 1851,38,3.6,31,1,1,1,1,1
Eye cream,ORIGINS,50,4.0,47,0,0,0,0,0
Eye cream,PERRICONE MD,55,3.6,33,1,1,1,1,1
Eye cream,SKIN INC SUPPLEMENT BAR,35,3.5,15,1,1,1,0,1
Eye cream,BAREMINERALS,38,3.5,1,1,1,1,1,0
Eye cream,GUERLAIN,230,5.0,1,0,0,0,0,0
Eye cream,PHILOSOPHY,65,3.9,72,1,1,1,1,1
Eye cream,KLORANE,24,4.0,21,0,0,0,0,0
Eye cream,DR. BRANDT SKINCARE,82,4.2,46,1,1,1,1,0
Eye cream,ORIGINS,46,3.2,54,0,0,0,0,0
Eye cream,ALGENIST,72,3.0,54,1,1,1,1,1
Eye cream,NARS,58,3.3,1,0,0,0,0,0
Eye cream,NATURALLY SERIOUS,44,3.3,36,1,1,1,1,1
Eye cream,DERMADOCTOR,68,3.8,30,0,0,0,0,0
Eye cream,BOSCIA,15,1.8,26,1,1,1,1,1
Eye cream,PHILOSOPHY,42,4.1,58,0,0,0,0,0
Eye cream,SKIN LAUNDRY,30,3.8,29,1,1,1,1,1
Eye cream,DERMADOCTOR,65,3.9,41,0,0,0,0,0
Eye cream,YVES SAINT LAURENT,73,3.4,1,0,0,0,0,0
Eye cream,KATE SOMERVILLE,125,3.0,32,1,1,1,0,0
Eye cream,CLARINS,50,4.0,51,1,1,1,1,1
Eye cream,KENZOKI,71,3.5,1,0,0,0,0,0
Eye cream,DR. BRANDT SKINCARE,46,3.0,53,0,0,0,0,0
Eye cream,EVE LOM,75,3.5,35,1,1,1,1,1
Eye cream,KLORANE,26,3.3,41,1,1,1,1,1
Eye cream,CLINIQUE,26,3.7,1,1,1,1,1,1
Eye cream,KENZOKI,46,3.9,39,0,0,0,0,0
Eye cream,ESTÉE LAUDER,40,3.7,41,1,1,1,1,0
Eye cream,BIOEFFECT,90,5.0,11,1,1,1,1,1
Eye cream,PERRICONE MD,60,4.1,13,0,0,0,0,0
Eye cream,PHILOSOPHY,69,3.1,46,1,1,1,1,1
Eye cream,KENZOKI,35,3.5,34,0,0,0,0,0
Eye cream,SEPHORA COLLECTION,5,0.0,23,0,0,0,0,0
Eye cream,APIVITA,30,4.0,3,0,0,0,0,0
Eye cream,OMOROVICZA,145,3.8,30,0,0,0,0,0
Eye cream,REN CLEAN SKINCARE,30,3.7,18,0,0,0,0,0
Sun protect,LAURA MERCIER,45,4.4,1,0,0,0,0,0
Sun protect,LAURA MERCIER,45,4.3,1,0,0,0,0,0
Sun protect,SHISEIDO,34,4.5,34,1,0,1,1,0
Sun protect,NARS,45,4.4,1,0,0,0,0,0
Sun protect,SUPERGOOP!,32,4.5,21,1,1,1,1,0
Sun protect,LAURA MERCIER,45,4.4,34,0,0,0,0,0
Sun protect,TATCHA,65,4.5,40,1,1,1,1,1
Sun protect,SHISEIDO,40,3.7,37,1,1,1,1,1
Sun protect,SUPERGOOP!,19,4.3,56,1,1,1,1,0
Sun protect,KIEHL'S SINCE 1851,61,4.4,25,1,1,1,1,1
Sun protect,LANCÔME,40,4.4,23,0,0,0,0,0
Sun protect,NEOGEN DERMALOGY,30,4.6,46,1,1,1,1,1
Sun protect,MURAD,65,4.7,43,1,1,1,0,1
Sun protect,DRUNK ELEPHANT,34,3.3,40,1,1,1,1,1
Sun protect,DRUNK ELEPHANT,36,3.6,43,1,1,1,1,1
Sun protect,CLARINS,45,4.1,1,0,0,0,0,0
Sun protect,SHISEIDO,34,4.3,1,0,0,0,0,0
Sun protect,CLARINS,43,3.9,28,0,0,0,0,0
Sun protect,SUPERGOOP!,38,3.7,34,1,1,1,1,1
Sun protect,LAURA MERCIER,38,4.1,1,0,0,0,0,0
Sun protect,NARS,36,4.1,37,0,0,0,0,0
Sun protect,JOSIE MARAN,36,4.0,1,0,0,0,0,0
Sun protect,FARMACY,36,4.6,57,1,1,1,1,1
Sun protect,COOLA,46,4.6,26,1,1,1,1,1
Sun protect,SHISEIDO,36,4.1,37,0,0,0,0,0
Sun protect,AMOREPACIFIC,70,4.2,48,1,1,1,0,1
Sun protect,PETER THOMAS ROTH,42,4.1,35,0,0,0,0,0
Sun protect,PETER THOMAS ROTH,38,4.6,14,1,1,1,1,1
Sun protect,SUPERGOOP!,42,4.1,29,1,1,1,1,0
Sun protect,PHILOSOPHY,39,4.1,34,1,1,1,1,1
Sun protect,PHILOSOPHY,39,3.8,44,0,0,0,0,0
Sun protect,COOLA,36,4.1,21,1,0,1,1,1
Sun protect,PERRICONE MD,69,4.3,38,1,1,1,1,0
Sun protect,MURAD,54,4.2,52,0,0,0,0,0
Sun protect,AMOREPACIFIC,195,3.8,35,1,1,1,1,1
Sun protect,ESTÉE LAUDER,75,3.8,85,0,0,0,0,0
Sun protect,CLARINS,54,3.5,39,0,0,0,0,0
Sun protect,LANCÔME,49,4.2,36,0,0,0,0,0
Sun protect,SHISEIDO,260,5.0,38,1,1,1,1,1
Sun protect,ORIGINS,60,4.6,76,1,0,1,1,1
Sun protect,SHISEIDO,38,4.1,45,1,1,1,1,0
Sun protect,COOLA,52,3.8,22,1,1,1,0,1
Sun protect,DIOR,60,4.0,5,0,0,0,0,0
Sun protect,SUPERGOOP!,28,3.3,14,1,1,1,1,0
Sun protect,LANCÔME,49,4.2,1,0,0,0,0,0
Sun protect,SEPHORA COLLECTION,23,4.2,1,1,1,1,1,1
Sun protect,CLINIQUE,55,4.3,50,0,0,0,0,0
Sun protect,CLINIQUE,39,3.9,1,0,0,0,0,0
Sun protect,VOLITION BEAUTY,35,4.2,29,1,1,1,1,1
Sun protect,ESTÉE LAUDER,54,3.8,1,0,0,0,0,0
Sun protect,SMASHBOX,42,4.1,32,1,1,1,1,1
Sun protect,TARTE,28,4.2,16,1,1,1,1,1
Sun protect,KIEHL'S SINCE 1851,31,3.7,21,1,1,1,1,1
Sun protect,SHISEIDO,90,4.1,1,0,0,0,0,0
Sun protect,CLINIQUE,26,4.2,56,0,0,0,0,0
Sun protect,FIRST AID BEAUTY,30,3.6,37,1,1,1,1,1
Sun protect,KIEHL'S SINCE 1851,74,3.5,25,1,1,1,1,1
Sun protect,COOLA,36,4.4,17,1,0,1,1,1
Sun protect,KIEHL'S SINCE 1851,84,3.5,32,1,1,1,1,1
Sun protect,LA MER,95,4.7,61,0,0,0,0,0
Sun protect,SUPERGOOP!,28,3.7,1,1,1,1,1,1
Sun protect,COOLA,42,4.2,18,1,0,1,1,1
Sun protect,SHISEIDO,36,4.2,7,0,0,0,0,0
Sun protect,SHISEIDO,22,5.0,37,1,1,1,1,1
Sun protect,SHISEIDO,28,4.3,15,1,1,1,1,1
Sun protect,PETER THOMAS ROTH,30,3.4,14,1,1,1,1,1
Sun protect,ILIA,42,3.7,29,1,1,1,1,1
Sun protect,DIOR,59,4.3,1,0,0,0,0,0
Sun protect,CLINIQUE,48,4.0,48,0,0,0,0,0
Sun protect,SUPERGOOP!,25,4.2,17,1,1,0,0,1
Sun protect,FIRST AID BEAUTY,34,4.1,36,1,1,1,1,1
Sun protect,AMOREPACIFIC,65,4.0,1,1,1,1,1,1
Sun protect,FRESH,70,3.5,30,1,1,1,1,0
Sun protect,CLINIQUE,26,4.2,45,0,0,0,0,0
Sun protect,ERBORIAN,44,4.5,41,1,1,1,1,1
Sun protect,BIOSSANCE,39,3.7,28,1,1,1,1,1
Sun protect,LANCER,55,4.8,23,1,1,1,1,1
Sun protect,SUPERGOOP!,34,4.1,22,1,1,1,0,0
Sun protect,CLINIQUE,55,4.4,49,0,0,0,0,0
Sun protect,TARTE,36,4.0,38,1,1,1,1,1
Sun protect,JACK BLACK,21,4.6,1,0,0,0,0,0
Sun protect,CLINIQUE,19,4.2,29,1,1,1,1,1
Sun protect,TARTE,32,3.7,38,1,1,1,1,1
Sun protect,LAURA MERCIER,53,4.1,29,0,0,0,0,0
Sun protect,COOLA,32,3.9,23,1,1,1,0,1
Sun protect,COOLA,32,4.1,18,1,1,1,0,1
Sun protect,FRESH,25,4.1,25,0,0,0,0,0
Sun protect,MURAD,40,3.7,46,0,0,0,0,0
Sun protect,SUPERGOOP!,34,4.7,42,0,0,0,0,0
Sun protect,MURAD,72,4.3,55,0,0,0,0,0
Sun protect,COOLA,36,3.4,19,1,0,1,1,0
Sun protect,SUPERGOOP!,34,4.3,46,1,1,1,1,0
Sun protect,ALGENIST,42,4.1,66,0,0,0,0,0
Sun protect,DERMADOCTOR,38,3.4,59,0,0,0,0,0
Sun protect,CLARINS,35,4.1,1,0,0,0,0,0
Sun protect,CLINIQUE,64,3.8,60,0,0,0,0,0
Sun protect,CLINIQUE,28,3.8,29,1,1,1,1,1
Sun protect,SHISEIDO,34,4.5,1,0,0,0,0,0
Sun protect,MDSOLARSCIENCES,30,4.3,28,1,1,1,0,1
Sun protect,DR. DENNIS GROSS SKINCARE,42,4.1,1,0,0,0,0,0
Sun protect,BELIF,42,3.7,1,1,1,1,1,0
Sun protect,LAURA MERCIER,53,4.4,14,0,0,0,0,0
Sun protect,ILIA,34,4.8,1,0,0,0,0,0
Sun protect,ESTÉE LAUDER,44,4.2,72,0,0,0,0,0
Sun protect,DR. DENNIS GROSS SKINCARE,42,3.8,55,0,0,0,0,0
Sun protect,COOLA,32,4.4,18,1,1,1,0,1
Sun protect,CLINIQUE,50,4.4,77,0,0,0,0,0
Sun protect,SUPERGOOP!,20,5.0,13,1,1,1,1,1
Sun protect,MOROCCANOIL,38,0.0,42,1,1,1,1,1
Sun protect,DERMADOCTOR,85,3.9,37,0,0,0,0,0
Sun protect,CLINIQUE,28,4.4,29,1,1,1,1,1
Sun protect,COOLA,32,4.6,19,1,1,1,1,1
Sun protect,ESTÉE LAUDER,54,4.6,70,0,0,0,0,0
Sun protect,DR. DENNIS GROSS SKINCARE,42,3.9,60,1,1,1,1,1
Sun protect,KIEHL'S SINCE 1851,38,3.7,36,0,0,0,1,1
Sun protect,LANCÔME,99,4.2,39,0,1,0,0,0
Sun protect,TOM FORD,76,4.6,41,0,0,0,0,0
Sun protect,SKIN LAUNDRY,25,4.1,22,1,1,1,1,1
Sun protect,KATE SOMERVILLE,38,3.2,13,1,1,1,1,0
Sun protect,CLINIQUE,26,4.1,61,0,0,0,0,0
Sun protect,COOLA,36,4.4,9,1,1,1,1,1
Sun protect,LAURA MERCIER,45,4.2,27,0,0,0,0,0
Sun protect,KAPLAN MD,100,4.0,1,0,0,0,0,0
Sun protect,HUM NUTRITION,40,4.2,9,0,0,0,0,0
Sun protect,CLINIQUE,55,4.3,52,0,0,0,0,0
Sun protect,ESTÉE LAUDER,42,3.7,84,0,0,0,0,0
Sun protect,ANTHONY,34,4.0,24,1,1,1,1,1
Sun protect,MDSOLARSCIENCES,75,4.1,54,1,0,1,1,1
Sun protect,KORRES,26,4.6,37,1,1,1,1,1
Sun protect,AMOREPACIFIC,40,4.0,35,0,0,0,0,0
Sun protect,COOLA,36,4.1,10,1,1,1,1,1
Sun protect,MDSOLARSCIENCES,39,4.1,28,0,0,0,0,0
Sun protect,COOLA,32,4.8,18,1,1,1,1,1
Sun protect,ILIA,34,3.6,2,1,0,1,0,1
Sun protect,EVE LOM,90,4.4,1,1,1,1,1,1
Sun protect,DR. BRANDT SKINCARE,35,3.6,23,1,1,1,1,0
Sun protect,CLARINS,36,3.8,36,0,0,0,0,0
Sun protect,MDSOLARSCIENCES,18,4.5,20,1,1,1,0,1
Sun protect,CLINIQUE,50,3.7,63,0,0,0,0,0
Sun protect,COOLA,36,4.8,9,1,1,1,1,1
Sun protect,MDSOLARSCIENCES,39,4.2,21,1,1,1,1,1
Sun protect,CANE + AUSTIN,40,4.1,27,0,0,0,0,0
Sun protect,SUPERGOOP!,34,3.8,19,1,1,1,1,1
Sun protect,MOROCCANOIL,32,4.9,16,1,1,1,0,0
Sun protect,CLINIQUE,26,3.3,41,1,1,1,1,1
Sun protect,PHILOSOPHY,75,3.7,67,1,1,1,1,1
Sun protect,AMOREPACIFIC,32,3.3,20,1,1,1,1,1
Sun protect,BLACK UP,45,4.7,42,0,0,0,0,0
Sun protect,COOLA,36,4.5,9,1,1,1,1,1
Sun protect,MOROCCANOIL,32,3.9,27,1,1,1,1,0
Sun protect,CLINIQUE,34,4.3,12,0,0,0,0,0
Sun protect,MOROCCANOIL,32,4.4,32,1,1,1,1,0
Sun protect,SHISEIDO,260,3.0,44,1,1,1,1,1
Sun protect,COOLA,26,3.1,1,1,1,1,1,1
Sun protect,CANE + AUSTIN,56,4.2,25,1,1,1,1,1
Sun protect,MDSOLARSCIENCES,20,3.9,11,1,1,1,1,1
Sun protect,COOLA,32,5.0,11,1,1,1,1,1
Sun protect,MOROCCANOIL,28,4.7,31,1,1,1,1,0
Sun protect,SUPERGOOP!,19,4.8,4,1,1,1,1,0
Sun protect,PETER THOMAS ROTH,30,3.7,32,0,0,0,0,0
Sun protect,COOLA,36,4.8,1,0,0,0,0,0
Sun protect,VITA LIBERATA,45,4.2,4,0,0,0,0,0
Sun protect,IT COSMETICS,38,4.1,78,1,1,1,1,1
Sun protect,URBAN DECAY,34,4.1,3,0,0,0,0,0
Sun protect,KATE SOMERVILLE,48,3.9,41,0,0,0,0,0
Sun protect,KORRES,35,3.9,26,1,1,1,1,1
Sun protect,KATE SOMERVILLE,48,3.6,40,0,0,0,0,0
Sun protect,VITA LIBERATA,54,3.5,19,0,0,0,0,0
Sun protect,ST. TROPEZ TANNING ESSENTIALS,20,1.0,18,0,0,0,0,0
Sun protect,DERMAFLASH,45,0.0,1,1,1,1,1,1
